SMILES,logPapp
O1c2c(CC(O)C1c1cc(O)c(O)cc1)c(O)cc(O)c2,-6.2199998
O=C(NCC(C)C)\C=C\C=C/CCC#C\C=C/C,-3.8599999
Fc1cc2c(N(C=C(C(O)=O)C2=O)C2CC2)cc1N1CC(N(CC1)CCCC)C,-4.8600001
O1[C@@H]2[C@]34[C@H]([C@H](N(CC3)C)Cc3c4c1c(OC)cc3)C=C[C@@H]2O,-4.0900002
O1c2c(C=CC1=O)cccc2,-4.25
O=C1NC(=N)N(C1)C,-5.9354091
O1C=C(C(=O)c2c1cc(O)cc2)c1ccc(O)cc1,-4.6799998
o1ncc2C[C@@]3([C@@H]4[C@H]([C@@H]5CC[C@@](O)(C#C)[C@]5(CC4)C)CCC3=Cc12)C,-4.8400002
Oc1cc(O)ccc1C(=O)CCc1ccc(O)cc1,-4.7399998
F[C@@]12[C@H]([C@@H]3C[C@@H](C)[C@](O)(C(=O)CO)[C@]3(C[C@@H]1O)C)CCC1=CC(=O)C=C[C@@]12C,-4.8299999
F[C@@]12[C@H]([C@@H]3C[C@@H](C)[C@](O)(C(=O)CO[C@H]4O[C@@H](CO)[C@H](O)[C@@H](O)[C@@H]4O)[C@]3(C[C@@H]1O)C)CCC1=CC(=O)C=C[C@@]12C,-6.54
F[C@@]12[C@H]([C@@H]3C[C@@H](C)[C@](O)(C(=O)CO[C@H]4O[C@@H](C(O)=O)[C@H](O)[C@@H](O)[C@@H]4O)[C@]3(C[C@@H]1O)C)CCC1=CC(=O)C=C[C@@]12C,-6.1199999
Clc1cc2c(N(C)C(=O)CN=C2c2ccccc2)cc1,-4.4499998
O1CC(=CC1=O)[C@H]1CC[C@]2(O)[C@H]3[C@H](C[C@@H](O)[C@]12C)[C@@]1([C@@H](C[C@@H](O[C@@H]2O[C@H](C)[C@@H](O[C@@H]4O[C@H](C)[C@@H](O[C@@H]5O[C@H](C)[C@@H](O)[C@@H](O)C5)[C@@H](O)C4)[C@@H](O)C2)CC1)CC3)C,-5.585
O=Cc1n(Cc2ccc(cc2)-c2ccccc2-c2[nH]nnn2)c(nc1CC)CCC,-5.48
O1c2c(ccc(C)c2C)C(=O)c2c1c(ccc2)CC(O)=O,-4.5999999
O1C(C(O)=O)[C@@H](O)[C@@H](O)[C@H](O)C1OC(=O)Cc1c2Oc3c(ccc(C)c3C)C(=O)c2ccc1,-6.52
Oc1cc(ccc1O)CCN,-5.0300002
O1c2c(c3OC(=O)C=Cc3cc2)[C@H](OC(=O)C)[C@H](OC(=O)\C(=C\C)\C)C1(C)C,-4.5799999
O=C1N(c2c(cccc2)C1(Cc1ccncc1)Cc1ccncc1)c1ccccc1,-4.6199999
O1[C@@H](C)[C@H](O)[C@@H](O)[C@@H](O)[C@@H]1O[C@H]1[C@H](OC(=O)\C=C\c2cc(O)c(O)cc2)[C@H](O[C@@H](OCCc2cc(O)c(O)cc2)[C@@H]1O)CO[C@@H]1O[C@H](CO)[C@@H](O)[C@H](O)[C@H]1O,-6.6500001
O1C[C@H]2[C@@H]([C@@H](c3c(cc4OCOc4c3)[C@H]2O[C@@H]2O[C@H]3[C@@H](O[C@@H](OC3)C)[C@H](O)[C@H]2O)c2cc(OC)c(O)c(OC)c2)C1=O,-6.1499996
O(CC(O)=O)c1ccc(cc1)C(=O)CN1CCN(CC1=O)C1CCNCC1,-6.1199999
O(CC(OCCCC)=O)c1ccc(cc1)C(=O)CN1CCN(CC1=O)C1CCNCC1,-5.79
O(CC(OC(CCCC)C)=O)c1ccc(cc1)C(=O)CN1CCN(CC1=O)C1CCNCC1,-5.29
O(CC(OC(CCCCCC)C)=O)c1ccc(cc1)C(=O)CN1CCN(CC1=O)C1CCNCC1,-4.7399998
O1C(COC(=O)N2CCC(N3CC(=O)N(CC3)CC(=O)c3ccc(OCC(OCCCC)=O)cc3)CC2)=C(OC1=O)C,-4.3499999
O1C(COC(=O)N2CCC(N3CC(=O)N(CC3)CC(=O)c3ccc(OCC(OC4CCCCC4)=O)cc3)CC2)=C(OC1=O)C,-4.3099999
O(CC(OCC)=O)c1ccc(cc1)C(=O)CN1CCN(CC1=O)C1CCN(CC1)C(OC(OC(=O)C)C)=O,-4.2800002
O1\C(\c2c(cccc2)C1=O)=C\COC(=O)N1CCC(N2CC(=O)N(CC2)CC(=O)c2ccc(OCC(OC3CCCCC3)=O)cc2)CC1,-4.4000001
O1CCC(OC(=O)COc2ccc(cc2)C(=O)CN2CCN(CC2=O)C2CCN(CC2)C(OC(OC(=O)C)C)=O)CC1,-4.5100002
O(CC(OC(COCC)COCC)=O)c1ccc(cc1)C(=O)CN1CCN(CC1=O)C1CCN(CC1)C(OC(OC(=O)C)C)=O,-4.1500001
O(CC(OCC)=O)c1ccc(cc1)C(=O)CN1CCN(CC1=O)C1CCN(CC1)C(OC(OC(=O)C)C(C)(C)C)=O,-4.02
O(CC(OCC)=O)c1ccc(cc1)C(=O)CN1CCN(CC1=O)C1CCN(CC1)C(OC(OC(=O)C(C)(C)C)C(C)(C)C)=O,-4
O(CC(OCC)=O)c1ccc(cc1)C(=O)CN1CCN(CC1=O)C1CCN(CC1)C(OC(OC(=O)C(C)(C)C)C)=O,-4.1399999
O(C(=O)COc1ccc(cc1)C(=O)CN1CCN(CC1=O)C1CCN(CC1)C(OCOC(=O)C(C)(C)C)=O)C1CCCCC1,-4.4400001
OC(=O)C[C@H](NC(=O)[C@@H]1CCCN(C1)C(=O)CCC1CCNCC1)c1cccnc1,-6.21
Clc1cc(C(O)=O)c(O)cc1,-4.98
OC(C(NC)C)c1ccccc1,-4.9699998
O1c2c(C[C@H](OC(=O)c3cc(O)c(O)c(O)c3)[C@@H]1c1cc(O)c(O)cc1)c(O)cc(O)c2,-6.8400002
Oc1cc(ccc1O)[C@@H](O)CNC,-6.125
O1c2c(C(=O)C[C@H]1c1cc(O)c(O)cc1)c(O)cc(O)c2,-5.2800002
O1[C@@H](CC)[C@@](O)(C)[C@H](O)[C@@H](C)C(=O)[C@@H](C[C@@](O)(C)[C@H](O[C@H]2O[C@@H](C[C@@H](N(C)C)[C@H]2O)C)[C@H](C)[C@@H](O[C@@H]2O[C@@H](C)[C@H](O)[C@@](OC)(C2)C)[C@H](C)C1=O)C,-5.7800002
O1[C@H](CC)[C@](O)(C)[C@H](O)[C@@H](C)C(=O)[C@@H](C[C@](O)(C)[C@H](O[C@@H]2O[C@@H](C[C@H](N(C)C)[C@H]2O)C)[C@@H](C)[C@H](O[C@@H]2O[C@@H](C)[C@H](O)[C@](OC)(C2)C)[C@@H](C)C1=O)C,-5.4299998
Oc1cc2CC[C@H]3[C@@H]4CC[C@H](O)[C@]4(CC[C@@H]3c2cc1)C,-4.73
s1cc(nc1N=C(N)N)CSCCC(N)=NS(=O)(=O)N,-6.0700002
Clc1c(cccc1Cl)C1C(C(OCC)=O)=C(NC(C)=C1C(OC)=O)C,-4.6399999
OC(C1CCN(CC1)CCCC(O)c1ccc(cc1)C(C(O)=O)(C)C)(c1ccccc1)c1ccccc1,-6.5100002
Cl.OC(C1CCN(CC1)CCCC(O)c1ccc(cc1)C(C(O)=O)(C)C)(c1ccccc1)c1ccccc1,-5.6999998
Fc1c2O[C@@H]3[C@@H](Oc2ccc1)CNC3,-4.0999999
Fc1cc(ccc1-c1ccccc1)C(C(O)=O)C,-4.4699998
O1C=C(C(=O)c2c1cc(O)cc2)c1ccc(OC)cc1,-4.5300002
O(C)c1ccc(cc1)CC(NCC(O)c1cc(NC=O)c(O)cc1)C,-5.6300001
O1c2c(C(=O)C(O)=C1c1ccccc1)c(O)cc(O)c2,-5.1100001
O(CCOCn1c2N=C(NC(c2nc1)=C)N)C(=O)[C@H](N)C,-5.6900001
O1C=C(C(=O)c2c1cc(O)cc2O)c1ccc(O)cc1,-4.6500001
OC(CO)CO,-4.8299999
Oc1ccc(cc1)C(NC(=O)CN)C(=O)C,-5.2800002
Clc1c2O[C@]3([C@@H](CC(=O)C=C3OC)C)C(=O)c2c(OC)cc1OC,-4.4000001
Clc1cccc(Cl)c1\C=N\N=C(N)N,-4.6799998
O=C(NCC(CC)C)\C=C\CCCCC#CC#CC,-4.23
O1c2c(C(=O)C[C@H]1c1cc(O)c(OC)cc1)c(O)cc(O)c2,-4.7399998
O=C1N(C)[C@H](C)C(=O)N[C@@H](C)C(=O)N[C@H](C)C(=O)N[C@@H](C)C(=O)N[C@@H](C)C(=O)N[C@@H]1C,-5.8200002
O=C1N(C)[C@H](C)C(=O)N[C@@H](C)C(=O)N[C@@H](C)C(=O)N[C@H](C)C(=O)N[C@H](C)C(=O)N[C@H]1C,-5.8200002
O=C1N(C)[C@@H](C)C(=O)N[C@H](C)C(=O)N[C@H](C)C(=O)N[C@@H](C)C(=O)N[C@H](C)C(=O)N[C@H]1C,-5.8200002
O=C1N(C)[C@H](C)C(=O)N[C@H](C)C(=O)N[C@@H](C)C(=O)N[C@H](C)C(=O)N[C@@H](C)C(=O)N[C@H]1C,-5.8200002
O=C1N(C)[C@@H](C)C(=O)N[C@H](C)C(=O)N[C@@H](C)C(=O)N[C@@H](C)C(=O)N[C@H](C)C(=O)N(C)[C@@H]1C,-5.8200002
O=C1N(C)[C@H](C)C(=O)N[C@@H](C)C(=O)N[C@@H](C)C(=O)N[C@H](C)C(=O)N(C)[C@H](C)C(=O)N[C@H]1C,-5.8200002
O=C1N(C)[C@@H](C)C(=O)N[C@@H](C)C(=O)N[C@H](C)C(=O)N(C)[C@H](C)C(=O)N[C@@H](C)C(=O)N[C@@H]1C,-5.3000002
Clc1cccc(Cl)c1Nc1ccccc1CC(OCC(O)=O)=O,-4.4099998
O=C1N(C)[C@H](C)C(=O)N[C@@H](C)C(=O)N[C@@H](C)C(=O)N[C@H](C)C(=O)N[C@H](C)C(=O)N(C)[C@H]1C,-5.8200002
O=C1N(C)[C@@H](C)C(=O)N[C@@H](C)C(=O)N[C@H](C)C(=O)N[C@H](C)C(=O)N(C)[C@@H](C)C(=O)N[C@@H]1C,-5.8200002
O=C1N(C)[C@@H](C)C(=O)N[C@H](C)C(=O)N[C@H](C)C(=O)N(C)[C@@H](C)C(=O)N[C@H](C)C(=O)N[C@H]1C,-5.8200002
O=C1N(C)[C@H](C)C(=O)N[C@H](C)C(=O)N[C@@H](C)C(=O)N(C)[C@H](C)C(=O)N[C@@H](C)C(=O)N[C@H]1C,-5.3000002
O=C1N(C)[C@H](C)C(=O)N[C@H](C)C(=O)N[C@@H](C)C(=O)N[C@H](C)C(=O)N(C)[C@@H](C)C(=O)N[C@H]1C,-5.8200002
Oc1ccc(NC(=O)C)cc1,-4.4400001
O=C1N(C)[C@@H](C)C(=O)N(C)[C@H](C)C(=O)N[C@@H](C)C(=O)N[C@@H](C)C(=O)N[C@H](C)C(=O)N(C)[C@@H]1C,-5.8200002
O=C1N(C)[C@@H](C)C(=O)N[C@H](C)C(=O)N(C)[C@@H](C)C(=O)N[C@@H](C)C(=O)N[C@H](C)C(=O)N(C)[C@@H]1C,-5.8200002
O=C1N(C)[C@@H](C)C(=O)N[C@H](C)C(=O)N[C@@H](C)C(=O)N(C)[C@@H](C)C(=O)N[C@H](C)C(=O)N(C)[C@@H]1C,-5.8200002
O=C1N(C)[C@H](C)C(=O)N(C)[C@@H](C)C(=O)N[C@H](C)C(=O)N[C@@H](C)C(=O)N[C@@H](C)C(=O)N(C)[C@@H]1C,-5.8200002
O=C1N(C)[C@@H](C)C(=O)N[C@@H](C)C(=O)N[C@H](C)C(=O)N(C)[C@H](C)C(=O)N[C@@H](C)C(=O)N(C)[C@@H]1C,-5.3000002
O=C1N(C)[C@H](C)C(=O)N[C@@H](C)C(=O)N(C)[C@H](C)C(=O)N[C@@H](C)C(=O)N[C@@H](C)C(=O)N(C)[C@@H]1C,-5.3000002
O=C1N(C)[C@@H](C)C(=O)N[C@H](C)C(=O)N(C)[C@H](C)C(=O)N[C@@H](C)C(=O)N[C@H](C)C(=O)N(C)[C@H]1C,-5
O=C1N(C)[C@H](C)C(=O)N[C@@H](C)C(=O)N[C@H](C)C(=O)N(C)[C@@H](C)C(=O)N[C@@H](C)C(=O)N(C)[C@@H]1C,-5.8200002
O=C1N(C)[C@H](C)C(=O)N[C@@H](C)C(=O)N(C)[C@@H](C)C(=O)N[C@H](C)C(=O)N[C@H](C)C(=O)N(C)[C@H]1C,-5.8200002
O=C1N(C)[C@H](C)C(=O)N[C@@H](C)C(=O)N[C@@H](C)C(=O)N(C)[C@H](C)C(=O)N[C@H](C)C(=O)N(C)[C@H]1C,-5.8200002
O=C1N(C)[C@@H](C)C(=O)N[C@H](C)C(=O)N[C@H](C)C(=O)N(C)[C@@H](C)C(=O)N[C@H](C)C(=O)N(C)[C@H]1C,-5.8200002
O=C1N(C)[C@@H](C)C(=O)N(C)[C@@H](C)C(=O)N[C@H](C)C(=O)N[C@H](C)C(=O)N[C@@H](C)C(=O)N(C)[C@@H]1C,-5.8200002
O=C1N(C)[C@@H](C)C(=O)N[C@@H](C)C(=O)N(C)[C@H](C)C(=O)N[C@H](C)C(=O)N[C@@H](C)C(=O)N(C)[C@@H]1C,-5.8200002
O=C1N(C)[C@H](C)C(=O)N(C)[C@@H](C)C(=O)N[C@@H](C)C(=O)N[C@H](C)C(=O)N(C)[C@H](C)C(=O)N(C)[C@H]1C,-5.2600002
O=C1N(C)[C@@H](C)C(=O)N(C)[C@H](C)C(=O)N[C@@H](C)C(=O)N(C)[C@@H](C)C(=O)N[C@H](C)C(=O)N(C)[C@@H]1C,-5.8200002
O=C1N(C)[C@@H](C)C(=O)N(C)[C@@H](C)C(=O)N[C@H](C)C(=O)N(C)[C@H](C)C(=O)N[C@@H](C)C(=O)N(C)[C@@H]1C,-5.3000002
O=C1N(C)[C@@H](C)C(=O)N[C@@H](C)C(=O)N(C)[C@H](C)C(=O)N(C)[C@H](C)C(=O)N[C@@H](C)C(=O)N(C)[C@@H]1C,-5.3000002
O=C1N(C)[C@@H](C)C(=O)N(C)[C@H](C)C(=O)N[C@H](C)C(=O)N(C)[C@@H](C)C(=O)N[C@H](C)C(=O)N(C)[C@H]1C,-4.6999998
O=C1N(C)[C@@H](C)C(=O)N(C)[C@H](C)C(=O)N[C@H](C)C(=O)N[C@@H](C)C(=O)N(C)[C@H](C)C(=O)N(C)[C@H]1C,-5.3000002
O=C1N(C)[C@H](C)C(=O)N[C@H](C)C(=O)N(C)[C@@H](C)C(=O)N(C)[C@H](C)C(=O)N[C@@H](C)C(=O)N(C)[C@H]1C,-5
O=C1N(C)[C@H](C)C(=O)N(C)[C@H](C)C(=O)N[C@@H](C)C(=O)N(C)[C@H](C)C(=O)N[C@@H](C)C(=O)N(C)[C@H]1C,-5.3000002
O=C1N(C)[C@@H](C)C(=O)N(C)[C@@H](C)C(=O)N(C)[C@H](C)C(=O)N[C@H](C)C(=O)N(C)[C@@H](C)C(=O)N(C)[C@@H]1C,-5.0999999
O=C1N(C)[C@@H](C)C(=O)N(C)[C@H](C)C(=O)N(C)[C@H](C)C(=O)N[C@@H](C)C(=O)N(C)[C@H](C)C(=O)N(C)[C@H]1C,-5.1500001
O=C1N(N=NN1CC)CCN1CCC(N(C(=O)CC)c2ccccc2)(CC1)COC,-4.2600002
O=C1N(C)[C@H](C)C(=O)N(C)[C@H](C)C(=O)N(C)[C@@H](C)C(=O)N[C@H](C)C(=O)N(C)[C@@H](C)C(=O)N(C)[C@H]1C,-5.3000002
O=C1N(C)[C@H](C)C(=O)N(C)[C@@H](C)C(=O)N(C)[C@H](C)C(=O)N[C@@H](C)C(=O)N(C)[C@@H](C)C(=O)N(C)[C@@H]1C,-5.3000002
O=C1N(C)[C@H](C)C(=O)N(C)[C@@H](C)C(=O)N(C)[C@@H](C)C(=O)N[C@H](C)C(=O)N(C)[C@H](C)C(=O)N(C)[C@H]1C,-5.3000002
O1c2c(c(O)c(OC)c(O)c2)C(=O)C=C1c1ccc(O)cc1,-5.1799998
n1ncc2c(cccc2)c1NN,-5.1700001
O=C1CC[C@@]2([C@H]3[C@H]([C@H]4CC[C@@](O)(C(=O)CO)[C@]4(C[C@H]3O)C)CCC2=C1)C,-4.6599998
O(CCOCn1c2N=C(NC(c2nc1)=C)N)C(=O)[C@H](N)[C@@H](CC)C,-5.6799998
O=C(NO)C(C)c1ccc(cc1)CC(C)C,-4.6300001
OC(=O)C(C)c1ccc(NCC(C)=C)cc1,-4.3400002
N(CCCN1c2c(CCc3c1cccc3)cccc2)(C)C,-4.8509998
Clc1ccc(cc1)C(=O)n1c2c(cc(OC)cc2)c(CC(O)=O)c1C,-4.6900001
O1C(CO)C(O)C(O)C(OC2=C(Oc3c(C2=O)c(O)cc(O)c3)c2cc(O)c(O)cc2)C1O,-6.1700001
Clc1cc2c(-n3c(nnc3C)CN=C2c2ccccc2)cc1,-3.9200001
Clc1cc(Cl)ccc1[C@@]1(O[C@H](CO1)COc1ccc(N2CCN(CC2)C(=O)C)cc1)Cn1ccnc1,-4.9299998
OC(=O)C(C)c1cc(ccc1)C(=O)c1ccccc1,-4.3509998
Clc1c(cccc1Cl)-c1nnc(nc1N)N,-4.3899999
S(=O)(Cc1nccc(OCC(F)(F)F)c1C)c1[nH]c2c(n1)cccc2,-4.1100001
Oc1cc(ccc1O)C[C@H](N)C(O)=O,-6.0500002
O=C(Nc1c(cccc1C)C)CN(CC)CC,-4.2849998
O1[C@H](CO)[C@@H](O)[C@H](O)[C@@H](O)[C@@H]1Oc1ccc(cc1)[C@H]1Oc2c(ccc(O)c2)C(=O)C1,-6.5900002
O1c2c(C(=O)C=C1c1ccc(O)cc1)c(O)cc(O[C@@H]1O[C@H](CO)[C@@H](O)[C@H](O)[C@H]1O[C@@H]1OC[C@](O)(CO)[C@H]1O)c2,-7.1199999
OC(=O)[C@H]1N(CCC1)C(=O)[C@@H](N[C@@H](CCc1ccccc1)C(O)=O)CCCCN,-7.3899999
ClC=1CC[C@H]2N(C=1C(O)=O)C(=O)[C@H]2NC(=O)[C@H](N)c1ccccc1.O,-7.3400002
O=C(NCC(C)C)\C=C\CCCCC#CC#C,-3.75
OC(=O)[C@@H](N)Cc1ccccc1,-5
O1c2c(C(=O)C=C1c1cc(O)c(O)cc1)c(O)cc(O)c2,-5.0500002
S(=O)(=O)(n1c2cc(ccc2nc1N)\C(=N\O)\c1ccccc1)C(C)C,-3.8699999
S(=O)(=O)(n1c2cc(ccc2nc1N)\C(=C\C(=O)N)\c1ccccc1)C(C)C,-4.3600001
S(=O)(=O)(n1c2cc(ccc2nc1N)/C(=C/C(=O)N)/c1cc(F)ccc1)C(C)C,-4.1399999
[Na+].O.O=C(c1cccc(CC(=O)[O-])c1N)c1ccccc1,-4.52
S(=O)(=O)(n1c2cc(ccc2nc1N)/C(=C/C(=O)N)/c1cc(F)ccc1)NC(=O)N(C)C,-4.1700001
S(=O)(=O)(n1c2cc(ccc2nc1N)/C(=C/C(=O)N)/c1cc(F)ccc1F)C(C)C,-4.46
S(=O)(=O)(n1c2cc(ccc2nc1N)/C(=C/C(=O)NC)/c1cc(F)ccc1F)C(C)C,-4.2600002
S(=O)(=O)(n1c2cc(ccc2nc1N)\C(=C\C(=O)NC)\c1ccccc1)C(C)C,-4.1999998
S(=O)(=O)(n1c2cc(ccc2nc1N)/C(=C/C(=O)NC)/c1cccc(F)c1F)C(C)C,-4.21
S(=O)(=O)(n1c2cc(ccc2nc1N)/C(=C/C(=O)NC)/c1cc(F)ccc1)CCC,-4.1900001
S(=O)(=O)(n1c2cc(ccc2nc1N)/C(=C/C(=O)N)/c1cccc(F)c1F)C(C)C,-4.4299998
Clc1nc(C(=O)N=C(N)N)c(nc1N)N,-5.8899999
S(=O)(=O)(n1c2cc(ccc2nc1N)/C(=C/C(=O)NC)/c1ccc(F)c(F)c1F)C(C)C,-4.1399999
S(=O)(=O)(n1c2cc(ccc2nc1N)/C(=C/C(=O)N)/c1cc(F)c(OC)cc1)C(C)C,-4.48
S(=O)(=O)(n1c2cc(ccc2nc1N)/C(=C/C(=O)N)/c1cc(F)cc(F)c1)C(C)C,-4.2399998
S(=O)(=O)(n1c2cc(ccc2nc1N)/C(=C/C(=O)N)/c1c(F)c(F)cc(F)c1F)C(C)C,-4.1999998
S(=O)(=O)(n1c2cc(ccc2nc1N)/C(=C/C(=O)N)/c1ccccc1F)C(C)C,-4.54
Fc1c(cccc1F)\C(=C/C(=O)N)\c1cc2n(C(C)C)c(nc2cc1)N.C,-5.3000002
S(=O)(=O)(n1c2cc(ccc2nc1N)/C(=C/C(=O)N)/c1ccc(F)c(F)c1F)C(C)C,-4.3299999
S(=O)(=O)(n1c2cc(ccc2nc1N)/C(=C/C(=O)N)/c1cc(F)c(F)cc1)C(C)C,-4.3600001
S(=O)(=O)(n1c2cc(ccc2nc1N)/C(=C/C(=O)N)/c1ccc(F)cc1F)C(C)C,-4.3699999
S(=O)(=O)(n1c2cc(ccc2nc1N)/C(=C/C(=O)NCC)/c1cccc(F)c1F)C(C)C,-4.0700002
s1c(cnc1NC(=O)C=1N(S(=O)(=O)c2c(cccc2)C=1O)C)C,-4.71
N(C(N=C(N)N)=N)(C)C,-6.1999998
OC(=O)CC[C@H](NC(=O)c1ccc(N(Cc2nc3c(nc(nc3N)N)nc2)C)cc1)C(O)=O,-6.0999999
[Br-].O1C2[C@H]3[N+]([C@@H](CC(OC(=O)[C@H](CO)c4ccccc4)C3)C12)(C)C,-6.1599998
Clc1cc2NC(N(c3ccccc3C)C(=O)c2cc1S(=O)(=O)N)C,-5.21
Fc1cc2c(cc1)[C@H](C(C)C)[C@](OC(=O)COC)(CC2)CCN(CCCc1[nH]c2c(n1)cccc2)C,-4.9549999
O1c2c(C(=O)C(O)=C1c1ccc(O)cc1O)c(O)cc(O)c2,-6.21
O1[C@@H]2[C@]34[C@H]([C@H](N(CC3)C)Cc3c4c1c(O)cc3)C=C[C@@H]2O,-5.4499998
S1[C@H]2N([C@@H](C(O)=O)C1(C)C)C(=O)[C@H]2NC(=O)[C@H](N)c1ccc(O)cc1,-6.1524997
O1c2c(C(=O)C(O)=C1c1cc(O)c(O)c(O)c1)c(O)cc(O)c2,-5.77
O(CC(O)CNC(C)(C)C)c1c2CC(O)C(O)Cc2ccc1,-5.4109998
O(C)c1cc2c(cc(cc2)[C@@H](C(O)=O)C)cc1,-4.6599998
[Na+].O(C)c1cc2c(cc(cc2)C(C(=O)[O-])C)cc1,-4.3299999
O1c2c(C(=O)C[C@H]1c1ccc(O)cc1)c(O)cc(O)c2,-4.6550002
O(Cc1ccccc1)C(=O)NC(Cc1c2c([nH]c1)cccc2)C(O)=O,-5.8000002
Clc1cc2N=C(N3CCNCC3)c3c(Nc2cc1)cccc3,-4.6799998
O1c2c(cc(cc2OC)\C=C\C)C(C)C1c1cc(OC)c(O)c(OC)c1,-5.3400002
O(C(Cc1cc(OC)c(OC)c(OC)c1)C)c1c(OC)cc(cc1OC)CC=C,-4.73
S1[C@H]2N([C@@H](C(O)=O)C1(C)C)C(=O)[C@H]2NC(=O)[C@H](N)c1ccccc1,-5.6999998
O(C(C(O)c1cc(OC)c(OC)c(OC)c1)C)c1c(OC)cc(cc1OC)CC=C,-4.5500002
O(C(C(O)c1cc(OC)c(O)cc1)C)c1c(OC)cc(cc1OC)CC=C,-4.5100002
n1cc(ccc1)C1N(CCC1)C,-4.71
Fc1cc2c3N(C=C(C(O)=O)C2=O)C(COc3c1N1CCN(CC1)C)C,-4.79
Clc1ccccc1-c1noc(C)c1C(=O)N[C@H]1[C@H]2SC(C)(C)[C@@H](N2C1=O)C(O)=O,-5.5799999
O(CC(O)CNC(C)C)c1ccccc1OCC=C,-4.6799998
O(CC=C)c1ccccc1OC[C@H](OC(=O)C1CC1)CNC(C)C,-4.5450001
Fc1cc2c(N(C=C(C(O)=O)C2=O)CC)cc1N1CCN(CC1)C,-4.5999999
O=C1N(N(C)C(=C1)C)c1ccccc1,-4.4699998
O=C1NC(=O)NC1(c1ccccc1)c1ccccc1,-4.5300002
[Cl-].O(CC)c1cc(NC(OCC[NH+]2CCCC2)=O)ccc1,-4.5500002
[Cl-].O(CCC)c1cc(NC(OCC[NH+]2CCCC2)=O)ccc1,-4.5700002
[Cl-].O(CCCC)c1cc(NC(OCC[NH+]2CCCC2)=O)ccc1,-4.5900002
[nH]1c2c(nc1Cc1[nH]c3c(n1)cccc3)cc(cc2)C(N)=N,-6.6999998
O\N=C(\N)/c1cc2nc([nH]c2cc1)-c1ncccc1,-4.6500001
[nH]1c2c(nc1Cc1[nH]c3c(n1)cc(cc3)C(N)=N)nccc2C,-7.0500002
O(CC)C(=O)NC(=N)c1cc2nc([nH]c2cc1)Cc1[nH]c2c(n1)cccc2,-6.1500001
O(C(=O)[C@H](CC)C)[C@@H]1[C@H]2C(=C[C@@H](O)C1)C=C[C@H](C)[C@@H]2CC[C@@H](O)C[C@@H](O)CC(O)=O,-5.8400002
o1cccc1C(=O)N1CCN(CC1)c1nc(N)c2cc(OC)c(OC)cc2n1,-4.987
O=C1C=C2CC[C@@H]3[C@@H]([C@]2(C=C1)C)[C@@H](O)C[C@]1([C@H]3CC[C@]1(O)C(=O)CO)C,-4.7199998
o1cccc1-c1nc-2n(n1)C(=Nc1n(ncc1-2)CCN1CCN(CC1)c1ccc(OCCOC)cc1)N,-5.3499999
O=C1CC[C@@]2([C@@H]3[C@H]([C@@H]4CC[C@H](C(=O)C)[C@]4(CC3)C)CCC2=C1)C,-4.625
Oc1c(cccc1C(C)C)C(C)C,-4.77
O(CC(O)CNC(C)C)c1c2c(ccc1)cccc2,-4.5799999
O(C[C@H](OC(=O)C1CC1)CNC(C)C)c1c2c(ccc1)cccc2,-4.5100002
S=C1NC(=CC(=O)N1)CCC,-4.1631713
O1[C@H]([C@H](O)[C@@H](O)[C@H](O)[C@H]1CO)c1c2OC=C(C(=O)c2ccc1O)c1ccc(O)cc1,-6.4000001
O1c2c(C(=O)C(O)=C1c1cc(O)c(O)cc1)c(O)c(O)c(O)c2,-6.6999998
O1c2c(C(=O)C(OC)=C1c1cc(O)c(O)cc1)c(O)c(OC)c(OC)c2,-5.0900002
O(C)c1cc2c(nccc2[C@H](O)[C@@H]2N3C[C@@H]([C@H](C2)CC3)C=C)cc1,-4.6900001
O1[C@](O[C@H]2O[C@H](CO[C@H]3O[C@H](CO)[C@H](O)[C@H](O)[C@H]3O)[C@@H](O)[C@H](O)[C@H]2O)(CO)[C@@H](O)[C@H](O)[C@H]1CO,-7.6199999
O1[C@@H]2O[C@@]3(OO[C@]24[C@@H](CC[C@H]([C@@H]4CC3)C)[C@@H](C)[C@@H]1OC(=O)CCC(O)=O)C,-5.4000001
O1[C@@H](CC(=O)[C@@H](\C=C(/C)\[C@@H](O)[C@@H](OC)C(=O)[C@@H](C[C@@H](\C=C\C=C\C=C(/C)\[C@@H](OC)C[C@H]2O[C@](O)([C@@H](CC2)C)C(=O)C(=O)N2[C@@H](CCCC2)C1=O)C)C)C)[C@@H](C[C@H]1C[C@@H](OC)[C@H](O)CC1)C,-4.96
O(CCOCn1c2N=C(NC(c2nc1)=C)N)C(=O)[C@H](N)CO,-5.3299999
O1[C@H]2[C@H]3N([C@@H]([C@@H]12)CC(OC(=O)[C@H](CO)c1ccccc1)C3)C,-4.928
O1c2c(c(O)c(O)c(O)c2)C(=O)C=C1c1ccc(O)cc1,-5.1999998
O1c2c(C(=O)C=C1c1cc(OC)c(O)c(O)c1)c(O)cc(O)c2,-6
Oc1cc2c([nH]cc2CCN)cc1,-4.8600001
S(=O)(=O)(N1CCN(CC1)C)c1cc(C2=NC(=O)c3n(nc(c3N2)CCC)C)c(OCC)cc1,-4.5100002
S(=O)(=O)(Nc1ccc(cc1)C(O)CNC(C)C)C,-5.7600002
O(C(=O)C(CO)c1ccccc1)C1C[C@@H]2N([C@H](C1)CC2)C,-4.6999998
S(=O)(=O)(Nc1ncccn1)c1ccc(N)cc1,-4.75
S(=O)(=O)(N)c1ccc(N)cc1,-5.2600002
S(=O)(=O)(Nc1ncccc1)c1ccc(N)cc1,-5
S(=O)(=O)(Nc1ncccc1)c1ccc(\N=N\c2cc(C(O)=O)c(O)cc2)cc1,-5.378171
S(=O)(=O)(Nc1onc(C)c1C)c1ccc(N)cc1,-4.9200001
S(=O)(C)c1ccc(cc1)\C=C\1/c2c(cc(F)cc2)C(CC(O)=O)=C/1C,-4.8899999
O1c2c(c(OC)c(OC)c(OC)c2OC)C(=O)C=C1c1ccc(OC)cc1,-4.5300002
O1c2c(c(O)c(O)c(O)c2)C(=O)C=C1c1ccccc1,-5.1399999
OC(=O)c1ccccc1-c1ccc(cc1)Cn1c2c(nc1CCC)c(cc(c2)-c1nc2c(n1C)cccc2)C,-4.8210001
Clc1cc2c(N(C(=O)N)C(=O)C2C(=O)c2sccc2)cc1,-4.5700002
O1CCCC1C(=O)N1CCN(CC1)c1nc(N)c2cc(OC)c(OC)cc2n1,-4.6100001
s1c2c(S(=O)(=O)N(C)\C(=C(/O)\Nc3ncccc3)\C2=O)cc1,-5.0900002
O=C1CC[C@@]2([C@@H]3[C@H]([C@@H]4CC[C@H](O)[C@]4(CC3)C)CCC2=C1)C,-4.4299998
O=C1N(C)C(=O)N(c2nc[nH]c12)C,-4.3499999
S(C)c1cc2c(N=CN(\C=C\C(O)=O)C2=O)cc1,-4.9850001
s1c(ccc1C(C(O)=O)C)C(=O)c1ccccc1,-4.4099998
O1c2c(c(O)c(O)c(O[C@@H]3O[C@H](C(O)=O)[C@@H](O)[C@H](O)[C@H]3O)c2)C(=O)C=C1c1ccccc1,-6.77
s1nc(N2CCOCC2)c(OC[C@@H](O)CNC(C)(C)C)n1,-4.8930001
s1nc(N2CCOCC2)c(OC[C@@H](OC(=O)C2CC2)CNC(C)(C)C)n1,-4.6350002
s1cc(nc1N=C(N)N)CSCCN\C(=N\C)\NC#N,-5.8800001
O1c2c(C(=O)C=C1c1cc(OC)c(OC)c(OC)c1)c(O)cc(O)c2,-5.0999999
O(C)c1c(OC)cc(cc1OC)Cc1cnc(nc1N)N,-4.46
Fc1cc(F)ccc1N1C=C(C(O)=O)C(=O)c2cc(F)c(nc12)N1C[C@@H]2[C@H](C1)C2N,-4.8099999
OC(=O)C(N)Cc1c2c([nH]c1)cccc2,-5.3899999
O=C(N)C(N)Cc1c2c([nH]c1)cccc2,-4.9200001
O[C@H]1CC[C@]2([C@@H](CC[C@@]3([C@@H]2CC=C2[C@@H]4[C@@H](C)[C@@H](CC[C@@]4(CC[C@]23C)C(O)=O)C)C)C1(C)C)C,-5.5500002
O(CCOCn1c2N=C(NC(c2nc1)=C)N)C(=O)[C@H](N)C(C)C,-5.3499999
O(C)c1cc(ccc1OC)C(C(C)C)(CCCN(CCc1cc(OC)c(OC)cc1)C)C#N,-4.5799999
OC(=O)c1ccccc1,-4.0050001
O(C)c1cc2N([C@@H]3[C@@]4([C@H]5N(CC=C[C@@]5(CC)[C@@H](OC(=O)C)[C@]3(O)C(OC)=O)CC4)c2cc1[C@@]1(c2[nH]c3c(c2CCN2C[C@@](O)(C[C@@H](C1)C2)CC)cccc3)C(OC)=O)C,-5.48
S1CN(S(=O)(=O)c2cn(nc2)C)[C@H](C(=O)N[C@@H](Cc2ccc(OC(=O)N(C)C)cc2)C(OCC)=O)C1(C)C,-5.3699999
S1CN(S(=O)(=O)c2cn(nc2)C)[C@H](C(=O)N[C@@H](Cc2ccc(OC(=O)N(C)C)cc2)C(OC(C)C)=O)C1(C)C,-5.1700001
S1CN(S(=O)(=O)c2cn(nc2)C)[C@H](C(=O)N[C@@H](Cc2ccc(OC(=O)N(C)C)cc2)C(OCC(C)(C)C)=O)C1(C)C,-5.3400002
S1CN(S(=O)(=O)c2cn(nc2)C)[C@H](C(=O)N[C@@H](Cc2ccc(OC(=O)N(C)C)cc2)C(OCOC(=O)C(C)(C)C)=O)C1(C)C,-5.5999999
S1CN(S(=O)(=O)c2cn(nc2)C)[C@H](C(=O)N[C@@H](Cc2ccc(OC(=O)N(C)C)cc2)C(OCCOCCOC)=O)C1(C)C,-5.6900001
O1c2c(cccc2)C(O)=C(C(CC(=O)C)c2ccccc2)C1=O,-4.6300001
O1c2c(C(=O)C=C1c1ccccc1)c(O)cc(O)c2OC,-4.6300001
S1[C@H]2N([C@@H](C(O)=O)C1(C)C)C(=O)[C@H]2NC(=O)Cc1ccccc1,-6.0250001
S1c2c(cccc2)C(=O)Cc2cc(ccc12)C(C(O)=O)C,-4.4000001
O1[C@H](CO)[C@@H](N=[N+]=[N-])C[C@@H]1N1C=C(C)C(=O)NC1=O,-5.0599999
OC1(CC1)CN1C2Cc3c(cc(O)cc3)C(CC1)(CC)C2(C)C,-4.96
Brc1[nH]c2c3c1C[C@H]1N(C[C@@H](C=C1c3ccc2)C(=O)N[C@@]1(O[C@]2(O)N([C@@H](CC(C)C)C(=O)N3[C@H]2CCC3)C1=O)C(C)C)C,-5.9099998
O1[C@@]2([C@H](OC1CCC)C[C@H]1[C@H]3[C@@H]([C@@]4(C(=CC(=O)C=C4)CC3)C)[C@@H](O)C[C@@]12C)C(=O)CO,-4.8899999
O1c2c(\C=C/C(=O)N[C@@H](Cc3ccc(O)cc3)C(=O)N[C@H](C)C(=O)NCC(=O)N[C@H](Cc3ccccc3)C(=O)N[C@H](CC(C)C)C1=O)cccc2,-5.8800001
O1c2c(\C=C/C(=O)N[C@@H](Cc3ccc(O)cc3)C(=O)N[C@H](C)C(=O)NCC(=O)N[C@H](CC3CCCCC3)C(=O)N[C@H](CC(C)C)C1=O)cccc2,-6.4699998
O1CC2=C(C=C3N(Cc4c3nc3c(c4)cccc3)C2=O)[C@@](O)(CC)C1=O,-4.1100001
O=C(NCC(CC)C)\C=C\C=C/CCC#CC#CC,-3.78
s1ccnc1NC(=O)c1cc(F)c(NC(=O)CC(C)(C)C)c(F)c1,-4.0599999
s1c(nnc1SCC=1CS[C@H]2N(C=1C(O)=O)C(=O)[C@H]2NC(=O)Cn1nnnc1)C,-6.23
s1cc(nc1N)/C(=N/OC)/C(=O)N[C@H]1[C@H]2SCC(CSC3=NC(=O)C(=O)NN3C)=C(N2C1=O)C(O)=O,-6.7649999
S1C2N(C(=O)C2NC(=O)C(N)c2ccccc2)C(C(O)=O)=C(C1)C,-6.3600001
S1C2N(C(=O)C2NC(=O)C(NC(=O)C)c2ccccc2)C(C(O)=O)=C(C1)C,-6.6300001
Cl.s1cc(nc1N)/C(=C/CC)/C(=O)N[C@H]1[C@H]2SCC(COC(=O)N)=C(N2C1=O)C(OCOC(=O)C(C)(C)C)=O.O,-5.1100001
S(Cc1[nH]cnc1C)CCN\C(=N\C)\NC#N,-5.9000001
Clc1cccc(Cl)c1NC=1NCCN=1,-4.5799999
Clc1cc2N=C(N3CCN(CC3)C)c3c(Nc2cc1)cccc3,-4.5100002
Fc1cc2c(N(C=C(C(O)=O)C2=O)C2CC2)cc1N1CC(N(CC1)C)C,-4.6599998
Fc1cc2c(N(C=C(C(O)=O)C2=O)C2CC2)cc1N1CC(N(CC1)CCC)C,-4.8200002
S(=O)(=O)(N[C@@H](Cc1ccc(cc1)C(N)=N)C(=O)N(C)C1CCCC1)c1cc2c(cc1)cccc2,-6.6989698
n1n(ccc1)Cc1cc(ccc1)C#N,-4.143271
OC(=O)c1cc(ccc1)Cc1ncccn1,-5.2146702
S(=O)(=O)(N)c1ccc(cc1)Cn1c2c(nc1)cccc2,-4.630784
n1c2c(n(c1)Cc1cc(ccc1)C#N)cccc2,-4.1817741
OC(=O)c1cc(ccc1)Cn1nccc1,-5.5331326
n1c2c(n(c1)Cc1cc(N)ccc1)cccc2,-4.2410879
OC(=O)c1ccc(cc1)Cn1c2c(nc1)cccc2,-5.4962091
n1cccnc1Cc1cc(ccc1)CN,-4.5968795
OC(=O)c1ccc(cc1)Cn1nccc1,-5.4365191
S(=O)(=O)(Nc1cc(ccc1)Cn1c2c(nc1)cccc2)C,-4.630784
n1ccn(c1)Cc1cc(ccc1)C#N,-4.1687703
OC(=O)c1ccc(cc1)Cc1ncccn1,-5.2684112
O=C(N)c1cc(ccc1)Cc1ncccn1,-4.4609237
n1cccnc1Cc1cc(ccc1)C#N,-4.1758742
O=C(N)c1cc(ccc1)Cn1c2c(nc1)cccc2,-4.6003261
n1c2c(n(c1)Cc1cc(ccc1)CN)cccc2,-4.5590911
n1ccn(c1)Cc1ccccc1,-4.166853
O=C(N)c1cc(ccc1)Cn1ccnc1,-5.1643095
Clc1ccc(S(=O)(=O)NC)cc1,-4.186419
Clc1ccc(S(=O)(=O)N)cc1,-4.2620125
Clc1cc2c(N(C)C(=O)CN=C2c2ccccc2)cc1,-3.924453
O=C1CC[C@@]2([C@@H]3[C@H]([C@@H]4CC[C@](O)(C(=O)CO)[C@]4(C[C@@H]3O)C)CCC2=C1)C,-4.5686364
Clc1cc2c(NC(=O)CN=C2c2ccccc2)cc1,-4.0177288
O(CC(O)CNC(C)C)c1ccc(NC(=O)C)cc1,-5.7447276
Clc1nc(C(=O)NC(N)=N)c(nc1N)N,-6.251812
O(CC(O)CNC(C)C)c1ccccc1CC=C,-3.8376529
O=C1N(N(C)C(=C1)C)c1ccccc1,-3.8905354
Clc1cc2c(NC(=O)C(O)N=C2c2ccccc2)cc1,-4.0409584
S(=O)(=O)(N1CCN(CC1)C)c1cc(C=2NC(=O)c3n(nc(c3N=2)CCC)C)c(OCC)cc1,-4.318759
S(Cc1nc[nH]c1C)CC\N=C(\NC#N)/NC,-6.0420098
O1[C@](O)(CO)[C@@H](O)[C@H](O[C@@H]2O[C@H](CO)[C@H](O)[C@H](O)[C@H]2O)[C@H]1CO,-6.5457573
Oc1ccc(cc1)C[C@H](N)C(=O)N[C@@H](CCCN=C(N)N)C(=O)N[C@@H](Cc1ccccc1)C(=O)N[C@@H](Cc1ccccc1)C(=O)N,-7.4317985
Brc1cccc(F)c1CN1C(=O)N(c2cccc(OC)c2F)C(=O)N(C[C@H](N)c2ccccc2)C1=O,-4.8569851
Fc1c(N2C(=O)N(Cc3ccccc3C#N)C(=O)N(C[C@H](N)c3ccccc3)C2=O)cccc1OC,-4.5917602
s1c(C(=O)C)c(nc1NC(=O)N[C@@H]1CCCC[C@H]1CN1C[C@@H](CCC1)Cc1ccc(F)cc1)C,-5.221849
Fc1ccc(cc1)C[C@@H]1CCCN(C1)C[C@@H]1CCCC[C@H]1NC(=O)Nc1cc(ccc1)C(=O)C,-4.9586072
Oc1nc(nc2n(cnc12)[C@@H]1C[C@H](CO)[C@H]1CO)N,-6.0555172
O(CC(O)CNC(C)C)c1ccc(cc1)CCOC,-4.3493013
O1CC(=CC1=O)[C@H]1CC[C@]2(O)[C@H]3[C@H](C[C@@H](O)[C@]12C)[C@@]1([C@@H](C[C@@H](O[C@@H]2O[C@H](C)[C@@H](O[C@@H]4O[C@H](C)[C@@H](O[C@@H]5O[C@H](C)[C@@H](O)[C@@H](O)C5)[C@@H](O)C4)[C@@H](O)C2)CC1)CC3)C,-5.8860564
O=C1N=C(Nc2n(cnc12)COCCOC(=O)[C@@H](N)C(C)C)N,-5.6382723
O(CC(O)CNC(C)C)c1c2c(ccc1)cccc2,-4.4639468
S(=O)(=O)(N(C)c1cc(cc(c1)C(=O)N[C@@H](Cc1ccccc1)CN[C@H](C(=O)NCC(C)C)C)CCC1C[C@@H]1C)C,-4.6197886
S(=O)(=O)(N(C)c1cc(cc(c1)C(=O)N[C@@H](Cc1ccccc1)CN[C@H](C(=O)NCC(C)C)C)C(=O)N[C@H](C)c1ccc(F)cc1)C,-5
Clc1cccc(-c2cc(F)c(nc2)[C@H](NC(=O)C2(NC(=O)C(F)(F)F)CC2)C)c1C(OCC)=O,-4.5528421
Clc1cc(c(-c2nn(nn2)C)c(F)c1)-c1cc(F)c(cc1)[C@H](NC(=O)C1(NC(=O)C(F)(F)F)CC1)C,-4.6382723
Clc1cc(Cl)cc(c1-c1nc(on1)C)-c1cc(F)c(cc1)[C@H](NC(=O)C1(NC(=O)C(F)(F)F)CC1)C,-4.6382723
Clc1cc(Cl)cc(-c2cc(F)c(nc2)[C@H](NC(=O)C2(NC(=O)C(F)(F)F)CC2)C)c1C(OC)=O,-4.5376019
Clc1cc(c(cc1)-c1nn(nn1)C)-c1cc(F)c(cc1)[C@H](NC(=O)C1(NC(=O)C(F)(F)F)CC1)C,-4.5528421
Clc1cc(Cl)cc(-c2cc(F)c(cc2)[C@H](NC(=O)C2(NC(=O)C(F)(F)F)CC2)C)c1C(OCC)=O,-4.6020598
Clc1cc(Cl)cc(-c2cc(F)c(nc2)[C@H](NC(=O)C2(NC(=O)C(F)(F)F)CC2)C)c1C(OCC)=O,-4.6020598
Clc1cccc(-c2cc(F)c(nc2)[C@H](NC(=O)C2(NC(=O)C(F)(F)F)CC2)C)c1C(OC)=O,-4.6020598
Clc1cc(c(cc1)-c1nc(on1)C)-c1cc(F)c(cc1)[C@H](NC(=O)C1(NC(=O)C(F)(F)F)CC1)C,-4.5086384
Clc1cccc(-c2cc(F)c(cc2)[C@H](NC(=O)C2(NC(=O)C(F)(F)F)CC2)C)c1C(OC)=O,-4.4685211
FC(F)(F)c1nn2c(C=CC=C2)c1Cc1ccc(cc1)C(=O)N[C@@H]1CCOC[C@@H]1C(=O)NO,-5.7447276
O1C[C@H](C(=O)NO)[C@H](NC(=O)c2ccc(cc2)Cc2c3n(nc2C(C)(C)C)C=CC=C3)CC1,-5.3665314
o1cc(cc1)CN(C(=O)c1cc(cc(OCC2(CC2)CON=C(N)N)c1)C)CCC,-5.3872161
Fc1c(CC(=O)NCCONC(N)=N)c(ccc1NCC(F)(F)c1ncc(cc1)C)C#N,-6.188375
Fc1c(CC(=O)NCCONC(N)=N)c(ccc1NCC(F)(F)c1ccccc1)C#N,-5.6479244
Fc1c(CC(=O)NCCONC(N)=N)c(ccc1NCC(F)(F)c1cc(F)ccc1)C#N,-5.7414021
Fc1c(CC(=O)NCc2ccc(nc2C)N)c(ccc1NCC(F)(F)c1ncccc1)C#N,-5.1474957
Fc1c(CC(=O)NCCON(C(N)=N)C)c(ccc1NCC(F)(F)c1ncccc1)C#N,-6.3723636
Fc1c(CC(=O)NCCONC(N)=N)c(ccc1NCC(F)(F)c1cc(F)c(F)cc1)C#N,-5.9430285
s1cccc1[C@]12[C@H](C1)CNC2,-4.7544875
[nH]1c2c(c3c1cccc3)ccnc2C,-5.223299
FC(F)(F)c1cc(NC(=O)C(C)C)ccc1N(O)O,-4.3233066
OC(=O)C1CCn2c1ccc2C(=O)c1ccccc1,-5.3665314
Fc1cc(ccc1-c1ccccc1)C(C(O)=O)C,-4.696804
Fc1cc(F)ccc1-c1cc(C(O)=O)c(O)cc1,-4.7351823
O(C)c1cc(ccc1OC)Cc1nccc2c1cc(OC)c(OC)c2,-4.4529643
[Cl-].O1c2c3c(cc-4[n+](CCc5c-4cc4OCOc4c5)c3)ccc2OC1,-4.9574246
Clc1ccc(cc1)[C@@H]1O[C@@H](C)[C@H](N)CO1,-4.9279342
O1[C@H](OC[C@@H](N)[C@@H]1C)c1ccc(N(O)O)cc1,-4.8885694
O1CC(N)COC1C(=C)c1ccccc1,-4.9913998
O1[C@@H](C)[C@H](N)CO[C@@H]1C(=C)c1ccccc1,-4.9880071
Clc1ccc(cc1)[C@@H]1O[C@@H](C)[C@H](NC(=O)Cc2ccccc2)CO1,-4.9920392
O1CC(NC(=O)Cc2ccccc2)COC1C(=C)c1ccccc1,-5.0498786
O1[C@@H](C)[C@H](NC(=O)Cc2ccccc2)CO[C@@H]1C(=C)c1ccccc1,-5.0503659
Clc1cc(c(nc1)-c1ccc(nc1)C)-c1ccc(S(=O)(=O)C)cc1,-4.2814984
S(CCC)c1cc2[nH]c(nc2cc1)NC(OC)=O,-5.1870866
O(C)c1cc2C3N(CC(CC(C)C)C(O)C3)CCc2cc1OC,-4.5986857
OC(=O)[C@@H](N)Cc1ccccc1,-4.6789713
[Cl-].O(CCCCC)c1cc(NC(OCC[NH+]2CCCC2)=O)ccc1,-4.7695513
O1c2c(OCC1C\N=C(\N)/N)cccc2,-4.8195872
O1[C@H](COC2O[C@H](CO)[C@H](O)[C@H](O)[C@H]2O)[C@@H](O)[C@H](O)[C@@H](O)C1O[C@@]1(O[C@H](CO)[C@@H](O)[C@@H]1O)CO,-7.309804
O=C1CC[C@]2([C@H]3[C@H]([C@@H]4CC[C@](O)(C(=O)CO)[C@]4(CC3=O)C)CCC2=C1)C,-4.5086384
S(=O)(=O)(Nc1ccc(cc1)C(O)CNC(C)C)C,-5.3767509
Clc1cc2NC(=O)N(c2cc1)C1CCN(CC1)CCCN1c2c(NC1=O)cccc2,-5.4202166
O=C1C=C2CC[C@@H]3[C@@H]([C@@]2(C=C1)C)[C@@H](O)C[C@]1([C@H]3CC[C@]1(O)C(=O)CO)C,-5.4436975
SC[C@H](C(=O)N1CCC[C@@H]1C(O)=O)C,-4.8153086
N(CC\C=C/1\c2c(CCc3c\1cccc3)cccc2)(C)C,-3.9006648
O(c1cc(ccc1)C(C(O)=O)C)c1ccccc1,-4.9469213
OC(=O)c1ccccc1Nc1cccc(C)c1C,-4.7471471
O[C@@H]1CC[C@H]2[C@@H](C[C@H]3N(CCc4c5c([nH]c34)cccc5)C2)[C@@H]1C(OC)=O,-4.8124795
O=C(NC(C(=O)N)C)C(N)CC(=O)N,-6.5885487
O(C)c1cc2[C@@]34[C@@H]([C@H](N(CC3)C)Cc2cc1)CCCC4,-4.628932
S1[C@]2(N([C@@H](C(O)=O)C1(C)C)C(=O)[C@H]2NC(=O)[C@H](N)c1ccccc1)C,-6.1023731
s1cc(nc1N)/C(=C\CC(O)=O)/C(=O)NC1C2SCC=C(N2C1=O)C(O)=O,-6.0604806
O=C1NC(=O)NC1(c1ccccc1)c1ccccc1,-4.5293937
Clc1cc2N(c3c(Sc2cc1)cccc3)CCCN(C)C,-5.062984
n1cc(ccc1)C1N(CCC1)C,-4.6084766
S(=O)(=O)(Nc1ncccc1)c1ccc(N)cc1,-4.6675615
Clc1cc2c(N(C)C(=O)CN=C2c2ccccc2)cc1,-4.1738386
O1[C@H](CO)[C@@H]([N-][NH+]=N)C[C@@H]1N1C=C(C)C(=O)NC1=O,-5.1850867
O(CC(O)CNC(C)C)c1ccc(NC(=O)C)cc1,-5.6009035
Fc1cc2c(N(C=C(C(O)=O)C2=O)C2CC2)cc1N1CCNCC1,-5.3159404
O1[C@H]2O[C@H](OC(=O)CCC(O)=O)[C@@H]([C@H]3[C@@]24OOC1(CC[C@H]4[C@@H](CC3)C)C)C,-5.4001169
[Cl-].O(CC)c1cc(NC(OCC[NH+]2CCCC2)=O)ccc1,-4.5528421
[Cl-].O(CCC)c1cc(NC(OCC[NH+]2CCCC2)=O)ccc1,-4.5686364
[Cl-].O(CCCC)c1cc(NC(OCC[NH+]2CCCC2)=O)ccc1,-4.5850267
[Cl-].O(CCCCCC)c1cc(NC(OCC[NH+]2CCCC2)=O)ccc1,-5.4814858
S1[C@H]2N(C(C(O)=O)=C(C1)C)C(=O)[C@H]2NC(=O)[C@@H](N)C=1CC=CCC=1,-5.6925039
Fc1c(c2c(N(CC(C(O)=O)C2=O)C2CC2)cc1N1CC(NCC1)C)C,-4.9825492
Clc1cccc(Cl)c1\C=N\N=C(\N)/N,-4.3634119
O=C(Nc1c(cccc1C)C)CN(CC)CC,-4.2099967
FC(F)(F)c1ccc(OC(CCNC)c2ccccc2)cc1,-4.9299622
s1cc(nc1\N=C(\N)/N)CSCC/C(=N\S(=O)(=O)N)/N,-5.9488473
O=C1N=C(Nc2n(cnc12)[C@@H]1C[C@H](CO)[C@H]1CO)N,-6.0555172
O=C1NC=C(C=C1N)c1ccncc1,-4.7544875
o1nc2c(n1)cccc2C1C(C(OC(C)C)=O)=C(NC(C)=C1C(OC)=O)C,-4.0545316
ON1C(N)=CC(=NC1=N)N1CCCCC1,-4.9956784
S(=O)(Cc1ncc(C)c(OC)c1C)c1[nH]c2cc(OC)ccc2n1,-4.1706963
Fc1cc2c(N(C=C(C(O)=O)C2=O)CC)cc1N1CCN(CC1)C,-4.6020598
O[C@H]([C@@H](NC)C)c1ccccc1,-4.9913998
Oc1c(CO)c(cnc1C)CO,-5.1524272
Fc1ccc(cc1)-c1n(CC[C@H](O)C[C@H](O)CC(O)=O)c(C(C)C)c(C(=O)Nc2ccccc2)c1-c1ccccc1,-5.309804
O=C(NCC(C)C)\C=C\C=C\CC\C=C/C=C\C,-4.2441254
O=C(NCC(C)C)\C=C\C=C\CC\C=C/CCC,-4.6989698
OC(=O)\C=C\c1nc(ccc1)/C(=C\CN1CCCC1)/c1ccc(cc1)C,-5.720623
Clc1cc2c(-n3c(nnc3C)CN=C2c2ccccc2)cc1,-4.2572265
O(CC(O)CNC(C)C)c1ccccc1CC=C,-4.3702068
Clc1nc(C(=O)N=C(N)N)c(nc1N)N,-5.6300001
O=C1N(N(C)C(C)=C1N(C)C)c1ccccc1,-4.3894196
N(CCC=C1c2c(CCc3c1cccc3)cccc2)(C)C,-4.2600002
N[C@H](Cc1ccccc1)C,-4.3899999
S1C2N(C(C(O)=O)C1(C)C)C(=O)C2NC(=O)C(N)c1ccccc1,-6.0700002
O1C2OC3(OOC24C(CCC(C4CC3)C)C(C)C1OC(=O)CCC(O)=O)C,-5.4000001
Fc1ccc(cc1)Cn1c2c(nc1NC1CCN(CC1)CCc1ccc(OC)cc1)cccc2,-5.1500001
Fc1ccc(cc1)-c1n(CC[C@@H](O)C[C@@H](O)CC(O)=O)c(C(C)C)c(C(=O)Nc2ccccc2)c1-c1ccccc1,-5.3099999
O(CC(O)CNC(C)C)c1ccc(cc1)CCOCC1CC1,-4.3156309
S(=O)(=O)(CC(O)(C(=O)Nc1cc(C(F)(F)F)c(cc1)C#N)C)c1ccc(F)cc1,-4.6599998
O(CC(O)CNC(C)C)c1ccc(cc1)COCCOC(C)C,-4.7600002
Brc1cc2c(NC(=O)CN=C2c2ncccc2)cc1,-4.4000001
Brc1[nH]c2c3c1C[C@H]1N(C[C@@H](C=C1c3ccc2)C(=O)N[C@@]1(O[C@]2(O)N([C@@H](CC(C)C)C(=O)N3[C@H]2CCC3)C1=O)C(C)C)C,-5.7800002
Brc1ccc(cc1)C(CCN(C)C)c1ncccc1,-4.6599998
O1[C@@]2([C@H](OC1CCC)C[C@H]1[C@H]3[C@@H]([C@@]4(C(=CC(=O)C=C4)CC3)C)[C@@H](O)C[C@@]12C)C(=O)CO,-4.79
Clc1cc(ccc1)C(=O)C(NC(C)(C)C)C,-3.9519544
Clc1cc2c(N(C)C(=O)C(OC(=O)N(C)C)N=C2c2ccccc2)cc1,-4.46
SC[C@H](C(=O)N1CCC[C@H]1C(O)=O)C,-4.8200002
S1C2N(C(=O)C2NC(=O)C(=NOC)c2occc2)C(C(O)=O)=C(C1)COC(=O)N,-6.29
S(=O)(=O)(N)c1ccc(-n2nc(cc2-c2ccc(cc2)C)C(F)(F)F)cc1,-4.8050604
S1[C@H]2N(C(C(O)=O)=C(C1)C)C(=O)[C@H]2NC(=O)[C@H](N)C=1CC=CCC=1,-5.54
Clc1ccc(cc1)C(N1CCN(CC1)CCOCC(O)=O)c1ccccc1,-5.5
Clc1cc2nccc(NC(CCCN(CC)CC)C)c2cc1,-4.5500002
Clc1ccc(cc1)C(CCN(C)C)c1ncccc1,-4.2800002
Clc1cc2N(c3c(Sc2cc1)cccc3)CCCN(C)C,-4.75
Clc1cc\2c(Sc3c(cccc3)/C/2=C/CCN(C)C)cc1,-4.7399998
Clc1c2c(C(O)=C3[C@H](C[C@@H]4[C@@](O)(C(O)=C(C(=O)N)C(=O)[C@H]4N(C)C)C3=O)[C@@]2(O)C)c(O)cc1,-6.3200002
Clc1cc2NC(Oc2cc1)=O,-4.1900001
Fc1cc2c(N(C=C(C(O)=O)C2=O)C2CC2)cc1N1CCNCC1,-5.4099998
O1[C@H](CC)[C@](O)(C)[C@H](O)[C@@H](C)C(=O)[C@@H](C[C@](OC)(C)[C@H](O[C@@H]2O[C@@H](C[C@H](N(C)C)[C@H]2O)C)[C@@H](C)[C@H](O[C@@H]2O[C@@H](C)[C@H](O)[C@](OC)(C2)C)[C@@H](C)C1=O)C,-5.4699998
Clc1cccc(Cl)c1NC=1NCCN=1,-4.497726
Clc1cc2NC(N3CCN(CC3)C)=C3C(=Nc2cc1)C=CC=C3,-4.5100002
O1C2C34C(C(N(CC3)C)Cc3c4c1c(OC)cc3)C=CC2O,-4.2800002
O1NC(=O)C(N)C1,-5.4400001
o1ncc2C[C@]3([C@H]4[C@@H]([C@H]5CC[C@](O)(C#C)[C@@]5(CC4)C)CCC3=Cc12)C,-4.561461
O(C)c1cc2C34C(C(N(CC3)C)Cc2cc1)CCCC4,-4.7399998
Clc1cc2c(N(C)C(=O)CN=C2c2ccccc2)cc1,-4.3899999
Clc1cccc(Cl)c1Nc1ccccc1CC(O)=O,-4.460681
Fc1cc(F)ccc1-c1cc(C(O)=O)c(O)cc1,-4.7399998
O1CC(=CC1=O)C1CC[C@]2(O)[C@H]3[C@H](C[C@@H](O)[C@]12C)[C@]1([C@@H](C[C@@H](O[C@@H]2O[C@H](C)[C@@H](O[C@@H]4O[C@H](C)[C@@H](O[C@@H]5O[C@H](C)[C@@H](O)[C@@H](O)C5)[C@@H](O)C4)[C@@H](O)C2)CC1)CC3)C,-5.6316042
S1c2c(N(CCN(C)C)C(=O)[C@H](OC(=O)C)[C@@H]1c1ccc(OC)cc1)cccc2,-4.4043612
Clc1cc2NC(=O)N(c2cc1)C1CCN(CC1)CCCN1c2c(NC1=O)cccc2,-5.4099998
Clc1cc2c(NC(O[C@]2(C#CC2CC2)C(F)(F)F)=O)cc1,-4.0500002
O(C)c1cc2c(cc1OC)CCN[C@@H]2C[C@H]1C[C@@H]2N(C[C@@H]1CC)CCc1cc(OC)c(OC)cc12,-5.6900001
OC(=O)[C@@H]1N(CCC1)C(=O)[C@@H](N[C@H](CCc1ccccc1)C(O)=O)C,-5.8800001
O=C1CC[C@H]2[C@H]3[C@H](CC[C@]12C)[C@@]1(C(=CC(=O)C=C1)C(C3)=C)C,-4.3299999
OC(C(NC)C)c1ccccc1,-4.9899998
S=C(N)c1cc(ncc1)CC,-4.4000001
Clc1cc(c(nc1)-c1ccc(nc1)C)-c1ccc(S(=O)(=O)C)cc1,-4.2800002
Clc1c(cccc1Cl)C1C(C(OCC)=O)=C(NC(C)=C1C(OC)=O)C,-4.640985
O(c1cc(ccc1)C(C(O)=O)C)c1ccccc1,-4.9499998
Fc1cc(F)ccc1C(O)(Cn1ncnc1)Cn1ncnc1,-4.5524945
O(C(CCNC)c1ccccc1)c1ccc(cc1)C,-4.5500002
Fc1c2O[C@@H]3[C@H](Oc2ccc1)CNC3,-3.729485
S1c2c(cc(cc2)C(F)(F)F)\C(\c2c1cccc2)=C/CCN1CCN(CC1)CCO,-4.8899999
FC(F)(F)c1cc(NC(=O)C(C)C)ccc1N(O)O,-4.3200002
Fc1ccc(cc1)-c1c2c(n(C(C)C)c1\C=C\[C@H](O)C[C@H](O)CC(O)=O)cccc2,-5.6999998
O=C1NC(=Nc2n(cnc12)COC(CO)CO)N,-6.1012278
S(=O)(=O)(NC(=O)NC1CCCCC1)c1ccc(cc1)CCNC(=O)c1ncc(nc1)C,-4.7199998
OC(=O)C(N)CCC(O)=O,-6.0700002
Fc1c(c2c(N(C=C(C(O)=O)C2=O)C2CC2)cc1N1CC(NCC1)C)C,-4.8899999
Clc1c2O[C@]3([C@@H](CC(=O)C=C3OC)C)C(=O)c2c(OC)cc1OC,-4.305563
Clc1cccc(Cl)c1C=NN=C(N)N,-4.3299999
O1c2c(OCC1C\N=C(\N)/N)cccc2,-4.8200002
Clc1ccc(cc1)C1(O)CCN(CC1)CCCC(=O)c1ccc(F)cc1,-4.71
O=C1CC[C@@]2([C@@H]3[C@H]([C@@H]4CC[C@](O)(C(=O)CO)[C@]4(C[C@@H]3O)C)CCC2=C1)C,-4.54
OC(=O)C(C)c1ccc(cc1)CC(C)C,-4.3433752
O=C(NO)C(C)c1ccc(cc1)CC(C)C,-4.6300001
O=C(Nc1cc(Nc2nc(ccn2)-c2cccnc2)c(cc1)C)c1ccc(cc1)CN1CCN(CC1)C,-5.3899999
O[C@@H]1Cc2c(cccc2)[C@@H]1NC(=O)[C@H](Cc1ccccc1)C[C@H](O)CN1CCN(C[C@H]1C(=O)NC(C)(C)C)Cc1cccnc1,-5.6900001
S1(=O)(=O)N(C)C(=C(O)Nc2noc(c2)C)C(=O)c2c1cccc2,-4.6100001
o1nc2c(n1)cccc2C1C(C(OC(C)C)=O)=C(NC(C)=C1C(OC)=O)C,-4.0500002
Fc1ccc(cc1)C(=O)C1CCN(CC1)CCN1C(=O)c2c(NC1=O)cccc2,-4.4400001
OC(=O)C1CCn2c1ccc2C(=O)c1ccccc1,-5.3699999
Oc1ccc(cc1C(=O)N)C(O)CNC(CCc1ccccc1)C,-4.895062
S1C[C@H](O[C@H]1CO)N1C=CC(=NC1=O)N,-5.4200001
O=C(Nc1c(cccc1C)C)CN(CC)CC,-4.73
OC(=O)[C@@H]1N(CCC1)C(=O)[C@@H](N[C@@H](CCc1ccccc1)C(O)=O)CCCCN,-6.6599998
Fc1c2N(C=C(C(O)=O)C(=O)c2cc(F)c1N1CC(NCC1)C)CC,-4.8000002
Clc1ccc(cc1)C1(O)CCN(CC1)CCC(C(=O)N(C)C)(c1ccccc1)c1ccccc1,-4.9699998
O=C1NC(=Nc2n(cnc12)C1[C@H](C[C@@H]1CO)CO)N,-6.0599999
Clc1nc(n(Cc2ccc(cc2)-c2ccccc2-c2[nH]nnn2)c1CO)CCCC,-6.0727587
O1C(CC(O)CC1=O)CCC1C2C(=CC(CC2OC(=O)C(CC)C)C)C=CC1C,-4.8400002
O=C1CCCC1Cc1ccc(cc1)C(C(O)=O)C,-4.3499999
O(C(=O)Nc1[nH]c2cc(ccc2n1)C(=O)c1ccccc1)C,-4.5100002
OC(=O)c1ccccc1Nc1cccc(C)c1C,-4.75
s1c(cnc1N/C(/O)=C/1\N(S(=O)(=O)c2c(cccc2)C\1=O)C)C,-4.7058601
N(C(N=C(N)N)=N)(C)C,-5.5154095
OC(=O)CC[C@H](NC(=O)c1ccc(N(Cc2nc3c(nc(nc3N)N)nc2)C)cc1)C(O)=O,-6.4000001
O=C1C=C2[C@@]([C@@H]3[C@H]([C@@H]4CC[C@](O)(C(=O)CO)[C@]4(C[C@@H]3O)C)C[C@@H]2C)(C=C1)C,-5.1161518
Clc1cc(C(=O)NCCN(CC)CC)c(OC)cc1N,-4.6500001
Clc1cc2N[C@H](N(c3ccccc3C)C(=O)c2cc1S(=O)(=O)N)C,-5.3049202
ON1C(N)=CC(=NC1=N)N1CCCCC1,-5
O1[C@@H]2[C@]34[C@H]([C@H](N(CC3)C)Cc3c4c1c(O)cc3)C=C[C@@H]2O,-5.0999999
S(C[C@H](NC(=O)c1cccc(O)c1C)[C@H](O)CN1C[C@@H]2[C@H](C[C@H]1C(=O)NC(C)(C)C)CCCC2)c1ccccc1,-6.1500001
O1[C@H](CO)[C@@H](O)[C@H](O)[C@@H]1N1C=C(C#CC)C(=O)NC1=O,-5.1687455
O(C(=O)C=1C(C(C(OC)=O)=C(NC=1C)C)c1cc(N(O)O)ccc1)CCN(Cc1ccccc1)C,-4.9305754
n1cc(ccc1)C1N(CCC1)C,-4.3899999
O(C(=O)C=1C(C(C(OC)=O)=C(NC=1C)C)c1ccccc1N(O)O)C,-4.3319983
O(C(=O)C=1C(C(C(OC)=O)=C(NC=1C)C)c1ccccc1N(O)O)CC(C)C,-4.6999998
O(C(=O)C=1C(C(C(OC)=O)=C(NC=1C)C)c1cc(N(O)O)ccc1)CC,-4.6200309
Fc1cc2c3N(C=C(C(O)=O)C2=O)C(COc3c1N1CCN(CC1)C)C,-4.7915874
O1Cc2c(cccc2)/C(/c2cc(ccc12)CC(O)=O)=C/CCN(C)C,-5.0100002
S(=O)(Cc1ncc(C)c(OC)c1C)c1[nH]c2cc(OC)ccc2n1,-4.2600002
O1CC(=CC1=O)[C@H]1CC[C@]2(O)[C@H]3[C@@H]([C@@]4(CO)[C@@](O)(C[C@@H](O[C@@H]5O[C@@H](C)[C@H](O)[C@@H](O)[C@H]5O)C[C@H]4O)CC3)[C@H](O)C[C@]12C,-6.9593034
Clc1cc2c(NC(=O)C(O)N=C2c2ccccc2)cc1,-3.9282689
o1c(c(nc1CCC(O)=O)-c1ccccc1)-c1ccccc1,-4.48
O(C)c1cc(ccc1OC)Cc1nccc2c1cc(OC)c(OC)c2,-4.4499998
O=C1N(CCCCC(=O)C)C(=O)N(c2ncn(c12)C)C,-4.1799998
Fc1cc2c(N(C=C(C(O)=O)C2=O)CC)cc1N1CCN(CC1)C,-4.5999999
O=C1NC(=O)NC(=O)C1(CC)c1ccccc1,-4.6300001
O(CC(O)CNC(C)C)c1c2c([nH]cc2)ccc1,-4.4148674
S1(=O)(=O)N(C)C(C(=O)Nc2ncccc2)=C(O)c2c1cccc2,-4.4490995
O(CC(O)CNC(C)C)c1ccc(NC(=O)C)cc1,-5.6199999
O(C(=O)C(CC)C)[C@H]1[C@@H]2C(=C[C@H](O)C1)C=C[C@@H](C)[C@H]2CC[C@@H](O)C[C@@H](O)CC(O)=O,-5.8699999
Clc1ccoc1C(=O)N1CCN(CC1)c1nc(N)c2cc(OC)c(OC)cc2n1,-4.8899999
O1c2c(cc(cc2)C(C(O)=O)C)Cc2cccnc12,-4.3899999
OC1[C@H]2[C@H]([C@@H]3CC[C@](O)(C(=O)CO)[C@]3(C1)C)CCC1=CC(=O)C=C[C@@]12C,-5.3699999
O=C1CC[C@@]2([C@@H]3[C@H]([C@@H]4CC[C@H](C(=O)C)[C@]4(CC3)C)CCC2=C1)C,-4.2800002
S1c2c(N(c3c1cccc3)CCCN(C)C)cccc2,-4.3800001
S1c2c(N(c3c1cccc3)CC(N(C)C)C)cccc2,-3.7777722
S=C1NC(=CC(=O)N1)CCC,-4.1700001
Clc1ccc(cc1)-c1c(nc(nc1N)N)CC,-4.23
O(C)c1cc2c(nccc2C(O)[C@@H]2[N@@]3C[C@@H]([C@H](C2)CC3)C=C)cc1,-4.6799998
s1c2c(ccc(O)c2)c(C(=O)c2ccc(OCCN3CCCCC3)cc2)c1-c1ccc(O)cc1,-5.7227535
S(=O)(=O)(C(C)(C)C)C[C@H](Cc1ccccc1)C(=O)N[C@@H](Cc1[nH]cnc1)C(=O)N[C@@H]([C@@H](O)[C@H](O)C1CC1)CC1CCCCC1,-6.1300907
O(C)c1c(OC)cc(cc1OC)C(O[C@@H]1C[C@H]2[C@H](C[C@H]3N(CCc4c5c([nH]c34)cc(OC)cc5)C2)[C@H](C(OC)=O)[C@H]1OC)=O,-5.3699999
O1c2c3c4c(c(O)c2C)C(=O)C(NC(=O)/C(=C\C=C\[C@H](C)[C@H](O)[C@@H](C)[C@@H](O)[C@@H](C)[C@H](OC(=O)C)[C@H](C)[C@@H](OC)\C=C\O[C@]1(C)C3=O)/C)=C1NC2(N=C14)CCN(CC2)CC(C)C,-5.02
O1c2c3c4c(c(O)c2C)C(O)=C(NC(=O)C(=CC=C[C@@H](C)[C@H](O)[C@H](C)[C@H](O)[C@@H](C)[C@@H](OC(=O)C)[C@H](C)[C@H](OC)C=CO[C@]1(C)C3=O)C)\C(=C\NN1CCN(CC1)C)\C4=O,-5.399786
S(=O)(=O)(N)c1ccc(cc1)C=1COC(=O)C=1c1ccccc1,-4.6199999
OC(C(NC(=O)C(NC(=O)c1nc2c(cc1)cccc2)CC(=O)N)Cc1ccccc1)CN1CC2C(CC1C(=O)NC(C)(C)C)CCCC2,-6.2800002
O1[C@@H](C[C@H](O)CC1=O)CC[C@H]1[C@H]2C(=C[C@H](C[C@H]2OC(=O)C(CC)(C)C)C)C=C[C@H]1C,-5.1700001
Br\C=C\C1=CN([C@@H]2O[C@H](CO)[C@@H](O)[C@@H]2O)C(=O)NC1=O,-5.3899999
S(=O)(=O)(Nc1ccc(cc1)C(O)CNC(C)C)C,-5.54
Fc1c(N2C[C@H](N[C@H](C2)C)C)c(F)c2N(C=C(C(O)=O)C(=O)c2c1N)C1CC1,-4.7784066
O(C)c1cc2c(nccc2[C@@H](O)[C@H]2N3C[C@H]([C@@H](C2)CC3)C=C)cc1,-4.5008955
O1[C@@H](C=C[C@@H]1N1C=C(C)C(=O)NC1=O)CO,-5.3483939
s1c(nnc1NS(=O)(=O)c1ccc(N)cc1)C,-5.8393164
S(=O)(=O)(Nc1onc(C)c1C)c1ccc(N)cc1,-4.77
S(=O)(=O)(NC)Cc1cc2c([nH]cc2CCN(C)C)cc1,-5.6828976
O1[C@H](/C(=C/[C@H]2C[C@@H](OC)[C@H](O)CC2)/C)[C@H](C)[C@@H](O)CC(=O)[C@@H](\C=C(\C[C@@H](C[C@H](OC)[C@H]2O[C@](O)([C@@H](C[C@@H]2OC)C)C(=O)C(=O)N2[C@@H](CCCC2)C1=O)C)/C)CC=C,-5.1500001
O(CCN(C)C)c1ccc(cc1)\C(=C(/CC)\c1ccccc1)\c1ccccc1,-4.3221111
OC(=O)c1ccccc1-c1ccc(cc1)Cn1c2c(nc1CCC)c(cc(c2)-c1nc2c(n1C)cccc2)C,-4.7609282
Clc1cc2c(n(C(=O)N)c(O)c2C(=O)c2sccc2)cc1,-4.3103647
O=C1CC[C@@]2([C@@H]3[C@H]([C@@H]4CC[C@H](O)[C@]4(CC3)C)CCC2=C1)C,-4.3000002
O=C1NC(=O)CCC1N1C(=O)c2c(cccc2)C1=O,-4.6999998
S(C)c1cc2c(N=CN(\C=C\C(O)=O)C2=O)cc1,-4.8999872
s1c(ccc1C(C(O)=O)C)C(=O)c1ccccc1,-4.4099998
S(=O)(=O)(CCn1c(ncc1N(O)O)C)CC,-4.52
OC(=O)Cc1n(C)c(cc1)C(=O)c1ccc(cc1)C,-5.0900002
Clc1cc(N2CCN(CC2)CCCN2N=C3N(C=CC=C3)C2=O)ccc1,-4.6199999
Clc1ccccc1C1=NCc2n(-c3c1cc(Cl)cc3)c(nn2)C,-4.5500002
O(C)c1c(OC)cc(cc1OC)Cc1cnc(nc1N)N,-4.2452402
Fc1cc(F)ccc1N1C=C(C(O)=O)C(=O)c2cc(F)c(nc12)N1C[C@@H]2[C@H](C1)C2N,-4.52
O=C1N=C(Nc2n(cnc12)COCCOC(=O)[C@@H](N)C(C)C)N,-5.7199998
OC(=O)C(CCC)CCC,-4.3200002
OC(=O)[C@@H](N(Cc1ccc(cc1)-c1ccccc1-c1[nH]nnn1)C(=O)CCCC)C(C)C,-6.2600002
O1c2c(cccc2)C(O)=C(C(CC(=O)C)c2ccccc2)C1=O,-4.4245906
OC1CCC2C(CC3N(C2)CCc2c3[nH]c3c2cccc3)C1C(OC)=O,-4.8099999
S1c2c(cccc2)C(=O)Cc2cc(ccc12)C(C(O)=O)C,-4.4000001
Clc1cc2NC(=O)Cc2cc1CCN1CCN(CC1)c1nsc2c1cccc2,-4.9100471
O=C(N(C)C)Cc1n2C=C(C=Cc2nc1-c1ccc(cc1)C)C,-4.5
Clc1ccc(cc1)C(=O)c1n(C)c(cc1C)CC(O)=O,-4.6100001
Oc1ccccc1C(O)=O,-4.7388554
O1c2c(cccc2)C(=O)C=C1c1ccccc1,-3.9201083
OC(=O)[C@H]1N(CCC1)C(=O)CN,-5.2123351
N1(CCCCC1)C1(CCCCC1)c1ccccc1,-4.48
Oc1cc(ccc1O)CCN,-4.8699999
OC1(CC1)CN1C2Cc3c(cc(O)cc3)C(CC1)(CC)C2(C)C,-4.7316446
O=C1N(Cc2cc3c([nH]nc3N)cc2)[C@H](Cc2ccccc2)[C@H](O)[C@@H](O)[C@H](N1CCCC)Cc1ccccc1,-5.6788902
O=C(N[C@@H](C(=O)N[C@H](Cc1ccccc1)C(=O)NC)C)C,-5.7484403
O=C(N[C@H](C(C)C)C(=O)N[C@H](Cc1ccccc1)C(=O)NC)C,-5.3900242
O=C(N[C@H](Cc1ccccc1)C(=O)N[C@H](Cc1ccccc1)C(=O)NC)C,-5.0499268
O=C(N[C@H](CC1CCCCC1)C(=O)N[C@H](Cc1ccccc1)C(=O)NC)C,-5.1413336
O=C(N[C@@H](C(=O)NCCc1ccccc1)C)C,-4.6095328
O=C(N[C@H](CC(C)C)C(=O)NCCc1ccccc1)C,-4.5132465
O=C(N[C@H](Cc1ccccc1)C(=O)NCCc1ccccc1)C,-4.4210458
O=C(N[C@H](CC1CCCCC1)C(=O)NCCc1ccccc1)C,-4.3517656
S(=O)(=O)(NC(Cc1cc(ccc1)C(N)=N)CC(=O)N1CCC(CC1)C)c1cc2c(cc1)cccc2,-6.8762317
S(=O)(=O)(NC(Cc1cc(ccc1)C(N)=N)CC(=O)N1CCCCC1C(O)=O)c1cc2c(cc1)cccc2,-7.3814998
S(=O)(=O)(NC(Cc1cc(ccc1)C(N)=N)CC(=O)N1CCCCC1C(OC)=O)c1cc2c(cc1)cccc2,-7.1178856
S(=O)(=O)(NC(Cc1cc(ccc1)C(N)=N)CC(=O)N1CC(CCC1)C(O)=O)c1cc2c(cc1)cccc2,-7.3820248
S(=O)(=O)(NC(Cc1cc(ccc1)C(N)=N)CC(=O)N1CCC(CC1)C(O)=O)c1cc2c(cc1)cccc2,-7.3390937
S(=O)(=O)(NC(Cc1cc(ccc1)C(N)=N)CC(=O)N1CCC(CC1)C(OC)=O)c1cc2c(cc1)cccc2,-7.0912943
S(=O)(=O)(NC(Cc1cc(ccc1)C(NO)=N)CC(=O)N1CCC(CC1)C(O)=O)c1cc2c(cc1)cccc2,-7.3677616
S(=O)(=O)(NC(Cc1cc(ccc1)C(NC)=N)CC(=O)N1CCC(CC1)C(O)=O)c1cc2c(cc1)cccc2,-7.1487603
S(=O)(=O)(NC(Cc1cc(N)ccc1)CC(=O)N1CCC(CC1)C)c1cc2c(cc1)cccc2,-4.997839
S(=O)(=O)(NC(Cc1cc(ccc1)C(NC)=N)CC(=O)N1CCC(CC1)C)c1cc2c(cc1)cccc2,-6.8503904
O(CC(OC(=O)C1CC1)CNC(C)C)c1ccccc1CC=C,-4.1507826
O(CC(OC(=O)C1CC1)CNC(C)C)c1ccc(cc1)CCOCC1CC1,-4.1300812
O1[C@@H]2[C@]34CCN([C@H](Cc5c3c1c(O)cc5)[C@]4(O)CCC2=O)CC=C,-4.5717716
O(CC(OC(=O)C1CC1)CNC(C)C)c1ccccc1OCC=C,-4.1920457
s1nc(N2CCOCC2)c(OC[C@@H](OC(=O)C2CC2)CNC(C)(C)C)n1,-4.2808533
Fc1cc2c(N(C=C(C(O)=O)C2=O)C2CC2)cc1N1CC(N(CC1)C)C,-4.6607714
Fc1cc2c(N(C=C(C(O)=O)C2=O)C2CC2)cc1N1CC(N(CC1)CC)C,-4.7723451
Fc1cc2c(N(C=C(C(O)=O)C2=O)C2CC2)cc1N1CC(N(CC1)CCC)C,-4.819078
Fc1cc2c(N(C=C(C(O)=O)C2=O)C2CC2)cc1N1CC(N(CC1)CCCC)C,-4.8584924
O1[C@@H]2O[C@@]3(OO[C@]24[C@@H](CC[C@H]([C@@H]4CC3)C)[C@@H](C)C1=O)C,-4.5190401
S(=O)(=O)(Nc1ncccc1)c1ccc(N\N=C\2/C=C(C(O)=O)C(=O)C=C/2)cc1,-6.5171175
O(CC)c1cc(NC(OCCN2CCCC2)=O)ccc1,-4.5500002
O(CCC)c1cc(NC(OCCN2CCCC2)=O)ccc1,-4.5700002
O(CCCC)c1cc(NC(OCCN2CCCC2)=O)ccc1,-4.5900002
O(CCCCC)c1cc(NC(OCCN2CCCC2)=O)ccc1,-4.77
o1c(ccc1-c1ccc(cc1)C(N)=N)-c1ccc(cc1)C(N)=N,-6.4201083
O1c2c(OC1)cc1c(-c3c(cc(OC)c(OC)c3OC)C[C@@](O)(C)[C@H](C1)C)c2OC,-4.5693183
O1c2c(C=CC1=O)cccc2,-4.0350132
Oc1cc(ccc1O)C(O)CNC,-6.0188646
Fc1c2N(C=C(C(O)=O)C(=O)c2cc(F)c1N1CCN(CC1)C)CCF,-4.8099742
Fc1cc2c(cc1)[C@H](C(C)C)[C@](OC(=O)COC)(CC2)CCN(CCCc1[nH]c2c(n1)cccc2)C,-4.98
s1cc(nc1N)/C(=N\OC)/C(=O)N[C@H]1[C@H]2SCC(CSC3=NC(=O)C(=O)NN3C)=C(N2C1=O)C(O)=O,-6.604713
S1[C@@H]2N([C@H](C(O)=O)C1(C)C)C(=O)[C@@H]2NC(=O)Cc1ccccc1,-5.8697934
Br\C=C\C1=CN([C@H]2O[C@@H](CO)[C@H](O)[C@H]2O)C(=O)NC1=O,-5.3989701
OC(=O)[C@@H](N)CCC(=O)N,-6.0702906
Fc1ccc(cc1)C(=O)Nc1cc2c([nH]cc2C2CCN(CC2)C)cc1,-5.3211966
F[C@@]12[C@H]([C@@H]3C[C@@H](C)[C@](O)(C(=O)COC4O[C@@H](CO)[C@H](O)[C@@H](O)[C@@H]4O)[C@]3(C[C@@H]1O)C)CCC1=CC(=O)C=C[C@@]12C,-6.3982739
O1[C@@](O)(CO)[C@H](O)[C@@H](O[C@@H]2O[C@H](CO)[C@H](O)[C@H](O)[C@H]2O)[C@@H]1CO,-6.5364394
O=C1N(N=NN1CC)CCN1CCC(N(C(=O)CC)c2ccccc2)(CC1)COC,-3.8
[nH]1c2cc(ccc2nc1-c1ncccc1)C(N)=N,-6.4579659
OC(=O)[C@@H](N)C,-5.4201083
s1cc(nc1\N=C(\N)/N)CSCCN\C(=N\C)\NC#N,-5.6587887
OC(=O)CN(C(=O)CN)C,-4.9000001
O=C1N=C(Nc2n(cnc12)COCCOC(=O)[C@@H](N)C(C)C)N,-5.6791363
s1c2cc(ccc2cc1C(=O)NC1(CCCC1)C(=O)N[C@H](Cc1ccccc1)C(=O)NCC1CCN(CC1)CC1CCOCC1)C,-5.2912149
O1CC2=C(C=C3N(Cc4c3nc3c(c4)c(N(O)O)ccc3)C2=O)[C@@](O)(CC)C1=O,-5.1985431
O(CC(O)CNC(C)C)c1ccc(NC=O)cc1,-5.4279842
O(CC(O)CNC(C)C)c1ccc(NC(=O)CC)cc1,-5.2198415
S1[C@H]2N([C@@H](C(O)=O)C1(C)C)C(=O)[C@H]2NC(=O)c1c(noc1C)-c1ccccc1,-4.8797116
O=C1N[C@@H](CCCCN)C(=O)N[C@@H]([C@H](O)C)C(=O)N[C@@H](Cc2ccccc2)C(=O)N2[C@@H](CCC2)C(=O)N[C@@H](Cc2ccccc2)C(=O)N[C@@H]1Cc1c2c([nH]c1)cccc2,-6.2209244
O=C1N(C)[C@@H](Cc2ccccc2)C(=O)N2[C@@H](CCC2)C(=O)N[C@@H](Cc2ccccc2)C(=O)N[C@H](Cc2c3c([nH]c2)cccc3)C(=O)N[C@@H](CCCCN)C(=O)N[C@H]1[C@H](O)C,-6.3005152
O=C1N(C)[C@H](Cc2c3c([nH]c2)cccc3)C(=O)N[C@@H](CCCCN)C(=O)N[C@@H]([C@H](O)C)C(=O)N[C@@H](Cc2ccccc2)C(=O)N2[C@@H](CCC2)C(=O)N[C@H]1Cc1ccccc1,-6.3989701
O=C1N(C)[C@@H](CCCCN)C(=O)N[C@@H]([C@H](O)C)C(=O)N[C@@H](Cc2ccccc2)C(=O)N2[C@@H](CCC2)C(=O)N[C@@H](Cc2ccccc2)C(=O)N(C)[C@@H]1Cc1c2c([nH]c1)cccc2,-6.7423639
O=C(N[C@@H](Cc1ccccc1)C(=O)N)C,-5.10009
O=C(N[C@@H](Cc1ccccc1)C(=O)N[C@H](Cc1ccccc1)C(=O)N)C,-5.6994848
O=C(N[C@@H](Cc1ccccc1)C(=O)N[C@H](Cc1ccccc1)C(=O)N([C@@H](Cc1ccccc1)C(=O)N)C)C,-5.3484769
O=C(N[C@@H](Cc1ccccc1)C(=O)N([C@H](Cc1ccccc1)C(=O)N([C@@H](Cc1ccccc1)C(=O)N)C)C)C,-4.9229274
O=C(N([C@@H](Cc1ccccc1)C(=O)N([C@H](Cc1ccccc1)C(=O)N([C@@H](Cc1ccccc1)C(=O)N)C)C)C)C,-4.6937804
O=C(N([C@@H](Cc1ccccc1)C(=O)N([C@H](Cc1ccccc1)C(=O)N([C@@H](Cc1ccccc1)C(=O)NC)C)C)C)C,-4.4948897
S(=O)(=O)(N[C@H](Cc1ccccc1)C(=O)N1CCC[C@H]1C(=O)NCC1CCN(CC1)C(N)=N)C,-6.5611248
O(CC)C(=O)NC(=N)c1cc2[nH]c(nc2cc1)Cc1[nH]c2c(n1)cccc2,-6.152451
Fc1cc(N2CC(OC2=O)CNC(=O)C)cc(F)c1-c1ccncc1,-4.29
Fc1cc(N2C[C@@H](OC2=O)CNC(=O)C)ccc1N1CCOCC1,-4.6788902
S=C(NC[C@@H]1OC(=O)N(C1)c1cc(F)c(N2CCCS(=O)CC2)cc1)C,-5.3386211
S=C(NC[C@@H]1OC(=O)N(C1)c1cc(F)c(N2CCN(CC2)C=O)cc1)CC,-4.4579659
S=C(NC[C@@H]1OC(=O)N(C1)c1cc(F)c(N2CCN(CC2)C(=O)CO)cc1)C1CC1,-4.4308991
S=C(NC[C@@H]1OC(=O)N(C1)c1cc(F)c(N2CCN(CC2)C(=O)CO)cc1)CC,-4.7423639
Fc1cc(N2C[C@@H](OC2=O)CNC(=O)C)ccc1-c1ccc(nc1)C#N,-4.3783755
S=C(NC[C@@H]1OC(=O)N(C1)c1cc(F)c(N2CCCS(=O)(=O)CC2)cc1)C,-4.6391363
s1c(nnc1CC\C(=N/O)\C)-c1ccc(N2C[C@@H](OC2=O)CNC(=O)C)cc1F,-5.250906
S=C(NC[C@@H]1OC(=O)N(C1)c1cc(F)c(cc1)C1CCS(=O)(=O)CC1)N,-5.8880281
Clc1cc(ccc1Cl)[C@]1(CCN(C1)C(=O)c1cc(OC)c(OC)c(OC)c1)CCN1CCC(CC1)(C(=O)N)c1ccccc1,-5.4105153
Clc1cc(ccc1Cl)[C@]1(CCN(C1)C(=O)c1cc(OC)c(OC)c(OC)c1)CCN1CCC(CC1)(C(=O)N1CCOCC1)c1ccccc1,-5.0814137
Fc1c(cccc1F)C(C(=O)NC)c1cc2n(C(C)C)c(nc2cc1)N,-5
FC(F)(C(=O)C(NC(=O)[C@H]1N(CCC1)C(=O)[C@@H](NC(=O)c1ccc(cc1)C(=O)N1CCOCC1)C(C)C)C(C)C)C(F)(F)F,-5.098455
S(=O)(=O)(n1c2cc(ccc2nc1N)C(C(=O)N)c1cc(F)ccc1F)NC(C)C,-4.5388007
FC(F)(C(=O)C(NC(=O)[C@H]1N(CCC1)C(=O)[C@@H](NC(=O)N1CCOCC1)C(C)C)C(C)C)C(F)(F)F,-4.5178499
Fc1ccccc1C(C(=O)NC)c1cc2n(C3CCCC3)c(nc2cc1)N,-4.9074507
s1c[n+](Cc2cnc(nc2N)C)c(C)c1CCO,-5.2685814
SCC(=O)NCCCCCC(=O)Nc1c2ncccc2ccc1,-4.8496218
O1c2c(OC1)c(OC)cc(C(OC)=O)c2-c1c2OCOc2c(OC)cc1CO,-4.7979398
FC1=CN([C@H]2O[C@@H](COC(=O)C(N)Cc3ccccc3)[C@H](O)C2)C(=O)NC1=O,-5.3891382
FC1=CN([C@H]2O[C@@H](COC(=O)C(N)C(CC)C)[C@H](O)C2)C(=O)NC1=O,-5.5908804
FC1=CN([C@H]2O[C@@H](COC(=O)C(NC(=O)C(N)C(C)C)Cc3ccccc3)[C@H](O)C2)C(=O)NC1=O,-6.080461
FC1=CN([C@H]2O[C@@H](COC(=O)CNC(=O)C(N)CC(C)C)[C@H](O)C2)C(=O)NC1=O,-5.4206805
Oc1cc(ccc1O)CC(O)C(O)=O,-5.9118199
Oc1c(\C=C\c2cc(O)c(O)cc2)c(ccc1O)\C=C\C(OC(Cc1cc(O)c(O)cc1)C(O)=O)=O,-7.2277412
Oc1c(CC(O)=O)c(ccc1O)\C=C\C(OC(Cc1cc(O)c(O)cc1)C(O)=O)=O,-7.1795707
O1c2c(C(C(O)=O)C1c1cc(O)c(O)cc1)c(ccc2O)\C=C\C(OC(Cc1cc(O)c(O)cc1)C(O)=O)=O,-7.0891552
Oc1cc(C)c(C[C@H](NC(=O)C(N)CCCCCC)C(=O)N2CCC[C@@H]2C(=O)N[C@@H](Cc2c3c([nH]c2)cccc3)C(=O)N[C@@H](Cc2ccccc2)C(=O)N)c(c1)C,-6.2223768
O1c2c(ccc(O[C@@H]3O[C@H](CO)[C@@H](O)[C@H](O)[C@H]3O)c2C\C=C(\C)/C)C(=O)C(O[C@@H]2O[C@H](CO)[C@@H](O)[C@H](O)[C@H]2O[C@@H]2O[C@@H](C)[C@H](O)[C@@H](O)[C@H]2O)=C1c1ccc(OC)cc1,-6.4910722
O1c2c(C(=O)C(O[C@H]3O[C@H](C)[C@@H](O)[C@H](O)[C@@H]3O[C@H]3OC[C@H](O)[C@@H](O)[C@@H]3O)=C1c1ccc(OC)cc1)c(O)cc(O[C@@H]1O[C@H](CO)[C@@H](O)[C@H](O)[C@H]1O)c2C\C=C(\C)/C,-6.5595455
O1c2c(C(=O)C(O[C@H]3O[C@H](C)[C@@H](O)[C@H](O)[C@@H]3O)=C1c1ccc(OC)cc1)c(O)cc(O[C@@H]1O[C@H](CO)[C@@H](O)[C@H](O)[C@H]1O)c2C\C=C(\C)/C,-6.2292061
O1c2c(C(=O)C(O[C@H]3O[C@H](C)[C@@H](O)[C@H](O)[C@@H]3O)=C1c1ccc(OC)cc1)c(O)cc(O)c2C\C=C(\C)/C,-5.8378239
O1c2cc(O)ccc2C=CC1=O,-4.5710139
O1c2cc(OC)c(cc2C=CC1=O)[C@@H](OC(=O)\C(=C/C)\C)[C@H](O)C(O)(C)C,-4.8123703
O1c2cc(OC)c(cc2C=CC1=O)[C@H](O)[C@H](OC(=O)\C(=C/C)\C)C(O)(C)C,-4.8499289
OC(\C=C\C#C\C=C/C)CCCCCC(=O)C,-4.3099017
O=C(CCCCC\C=C/CC#C\C=C/C)C,-5
O=C(CCCCC\C=C/CC#CC#C)C,-4.492425
O=C(NCC(C)C)\C=C\CCCCC#CC#C,-3.8599999
O=C(NO)\C=C\c1cc2nc(n(c2cc1)CCN1CCCC1)CCc1ccccc1,-5.5207167
S(=O)(=O)(N(Cc1cc(-n2cccc2)ccc1)C1Cc2cc(ccc2N(C1)Cc1n(cnc1)C)C#N)c1ncccc1,-5.6391363
S(=O)(=O)(N(Cc1ncccc1)C1Cc2cc(ccc2N(C1)Cc1n(cnc1)C)C#N)c1ncccc1,-5.7979398
S(=O)(=O)(N(CC1CCN(CC1)C(OCC)=O)C1Cc2cc(ccc2N(C1)Cc1n(cnc1)C)C#N)c1ncccc1,-5.5875134
s1c2c(cc1C(=O)NC1(CCCC1)C(=O)N[C@@H](Cc1ccccc1)C(=O)NCCCN1CCOCC1)cccc2,-5.0478787
O1CCN(CC1)CCCNC(=O)[C@H](NC(=O)C1(NC(=O)c2ccc(cc2)-c2ccccc2)CCCC1)Cc1ccccc1,-4.7399998
o1c2c(cc1C(=O)NC1(CCCC1)C(=O)N[C@H](Cc1ccccc1)C(=O)NCCCN1CCOCC1)cccc2,-5.2209244
s1c2c(cc1C(=O)NC1(CCCC1)C(=O)N[C@H](Cc1ccccc1)C(=O)NC1CCN(CC1)CC1CCOCC1)cccc2,-5.0700002
s1c2c(cc1C(=O)NC1(CCCC1)C(=O)N[C@H](Cc1ccccc1)C(=O)NCCC1CCN(CC1)CC1CCOCC1)cccc2,-5.4094677
s1c2cc(N(CC)CC)ccc2cc1C(=O)NC1(CCCC1)C(=O)N[C@H](Cc1ccccc1)C(=O)NCC1CCN(CC1)CC1CCOCC1,-4.997839
OC(=O)c1ccncc1,-5.1900001
n1cc(N)ccc1,-4.5380535
O=C(N)c1ccncc1,-4.2782722
Clc1ccncc1,-4.220202
OCc1ccncc1,-4.0902224
n1ccc(cc1)-c1ccccc1,-4.0680037
n1ccc(N)cc1,-4.0202255
n1ccc(cc1)CC,-3.9723473
n1ccccc1,-3.9703081
n1ccc(cc1)C,-3.9612868
n1cc(ccc1)-c1ccccc1,-3.8880284
Clc1ccc(cc1)C(OC1CC2N([C@@H](C1)CC2)C)c1ccccc1,-4.9114642
Clc1cc(ccc1)C(OC1CC2N([C@@H](C1)CC2)C)c1ccc(Cl)cc1,-5.5975828
O1c2c(ccc(OC)c2)C(=O)C=C1c1ccccc1,-4.6479459
O1c2c(C(=O)C=C1c1ccccc1)c(OC)cc(OC)c2,-4.6313224
O1c2c(C(=O)C=C1c1ccc(OC)cc1)c(OC)cc(OC)c2,-4.5595455
O1c2c(ccc(O)c2)C(=O)C=C1c1ccc(O)cc1,-5.2123351
O1c2c(C(=O)C=C1c1ccccc1)c(O)cc(O)c2,-5.0105972
O1c2c(C(=O)C=C1c1ccc(O)cc1)c(O)cc(O)c2,-4.9821801
S(=O)(=O)(N(Cc1ccccc1)CCN(Cc1n(cnc1)C)c1ccc(cc1)C#N)c1ncn(c1)C,-5.9593034
S(=O)(=O)(N(CC1CCCCC1)CCN(Cc1n(cnc1)C)c1ccc(cc1)C#N)c1ncn(c1)C,-5.8219547
S1CC2NC(=O)NC2C1CCCCC(OC([C@@H](NC(=O)[C@@H](NC(=O)c1nc2c(cc1)cccc2)CC(=O)N)Cc1ccccc1)CN1CC2C(C[C@H]1C(=O)NC(C)(C)C)CCCC2)=O,-6.4094677
O=C1N(CC(=O)N(c2c1cc(NCc1ccc(cc1)C(N)=N)cc2)C)CCC(O)=O,-6.4579659
O(Cc1ccc(cc1)C(N)=N)c1cc2c(N(C)C(=O)CN(CCC(OCC)=O)C2=O)cc1,-6.3682656
O=C1N(CC(=O)N(c2c1cc(NCc1ccc(cc1)C(N)=N)cc2)C)CCC(OCC)=O,-6.8519359
O(C(OC(=O)NCC1(CCCCC1)CC(O)=O)C)C(=O)C(C)C,-4.5093193
O1CC2=C(C=C3N(c4c(nc5c(c4)cccc5)C3)C2=O)[C@](O)(CC)C1=O,-4.3318486
S(=O)(=O)(n1c2cc(ccc2nc1N)C(C(=O)N)c1cc(F)ccc1)NC(=O)N(C)C,-4.1700001
Fc1c(cccc1F)C(C(=O)N)c1cc2n(C(C)C)c(nc2cc1)N,-5.1874509
O=C(NCC(CC)C)\C=C\C=C/CCC#CC#CC,-4.1224694
O=C(NCC(CC)C)\C=C\CCCCC#CC#CC,-4.2295737
Clc1ccc(cc1)C[N+]12C(Cc3c(C1)c(OC)c(OC)cc3)c1c(CC2)cc2OCOc2c1.[Cl-],-6.2314224
Oc1cc2[nH]c3c(c2cc1)ccnc3C,-5.302259
P(Oc1ccc(cc1)C)(OC[C@H]1O[C@@H](N2C=C(C)C(=O)NC2=O)C=C1)(=O)NC(C(OC)=O)C,-5.8474512
Clc1ccc(OP(OC[C@H]2O[C@@H](N3C=C(C)C(=O)NC3=O)C=C2)(=O)NC(C(OC)=O)C)cc1,-5.7328787
Brc1ccc(OP(OC[C@H]2O[C@@H](N3C=C(C)C(=O)NC3=O)C=C2)(=O)NC(C(OC)=O)C)cc1,-5.6954093
Ic1ccc(OP(OC[C@H]2O[C@@H](N3C=C(C)C(=O)NC3=O)C=C2)(=O)NC(C(OC)=O)C)cc1,-5.1300001
O1[C@@H](CC)[C@@](O)(C)[C@H](O)[C@@H](C)\C(=N\OCOCCOC)\[C@@H](C[C@@](O)(C)[C@@H](O[C@@H]2O[C@@H](C[C@H](N(C)C)[C@H]2O)C)[C@@H](C)[C@@H](O[C@H]2O[C@H](C)[C@@H](O)[C@@](OC)(C2)C)[C@H](C)C1=O)C,-5.7397189
n1c2ncc(cc2n(C)c1N)-c1ccccc1,-4.8205118
S(=O)(=O)(NC(=O)C(c1cc2OCOc2cc1)c1c2c(n(c1)C)cc(cc2)C#N)c1ccc(cc1OC)C,-5.1011863
S(=O)(=O)(NC(=O)C(c1cc2OCOc2cc1)c1c2c(n(c1)C)cc(F)cc2)c1ccc(cc1OC)C,-4.6994848
S(=O)(=O)(NC(=O)C(c1cc2OCOc2cc1)c1c2c(n(c1)C)cc(cc2)C(=O)C)c1ccc(cc1OC)C,-5.8519359
S(=O)(=O)(NC(=O)C(c1cc2OCOc2cc1)c1c2c(n(c1)C)cc(cc2)COC)c1ccc(cc1OC)C,-5.3005152
S(=O)(=O)(NC(=O)C(c1cc2OCOc2cc1)c1c2c(n(c1)C)cc(cc2)CO)c1ccc(cc1)C,-5.7697759
S(=O)(=O)(NC(=O)C(c1cc2OCOc2cc1)c1c2c(n(c1)CCOC)cc(cc2)COC)c1ccc(cc1OC)C,-5.7979398
S(=O)(=O)(NC(=O)C(c1cc2OCOc2cc1)c1c2c(n(c1)CCOC)cc(F)cc2)c1ccc(cc1OC)C,-5.720623
O1CCN(CC1)CCCNC(=O)[C@H](NC(=O)C1(NC(=O)c2n(c3c(c2)cccc3)C)CCCC1)Cc1ccccc1,-4.9723473
s1c2c(cc1C(=O)NC1(CCCC1)C(=O)N[C@H](Cc1ccccc1)C(=O)NCCCN1CCC(O)CC1)cccc2,-5.8519359
s1c2c(cc1C(=O)NC1(CCCC1)C(=O)N[C@H](Cc1ccccc1)C(=O)NCCCC(=O)N1CCC(N3CCOCC3)CC1)cccc2,-5.7697759
s1c2c(cc1C(=O)NC1(CCCC1)C(=O)N[C@H](Cc1ccccc1)C(=O)NCCC(=O)N1CCN(CC1)C1CCOCC1)cccc2,-5.8880281
s1c2cc(ccc2cc1C(=O)NC1(CCCC1)C(=O)N[C@H](Cc1ccccc1)C(=O)NCC1CCN(CC1)CC1CCOCC1)C(F)(F)F,-5.1919103
s1c2cc(OC)ccc2cc1C(=O)NC1(CCCC1)C(=O)N[C@H](Cc1ccccc1)C(=O)NCC1CCN(CC1)CC1CCOCC1,-5.9593034
O=C1[C@@H]2C[C@@H](O)[C@@H](O)C[C@]2(C2C(=C1)[C@]1(O)CC[C@H]([C@@](O)([C@H](OCC)CCC(O)(C)C)C)[C@]1(CC2)C)C,-4.8600001
O=C1[C@@H]2C[C@@H](O)[C@@H](O)C[C@]2(C2C(=C1)[C@]1(O)CC[C@H]([C@@](O)([C@H](OCC=C)CCC(O)(C)C)C)[C@]1(CC2)C)C,-4.6900001
O=C1[C@@H]2C[C@@H](O)[C@@H](O)C[C@]2(C2C(=C1)[C@]1(O)CC[C@H]([C@@](O)([C@H](O)CCC(OC)(C)C)C)[C@]1(CC2)C)C,-4.7600002
O=C1[C@@H]2C[C@@H](O)[C@@H](O)C[C@]2(C2C(=C1)[C@]1(O)CC[C@H]([C@@](O)([C@H](OC)CCC(C)C)C)[C@]1(CC2)C)C,-4.5799999
O=C1[C@@H]2C[C@@H](O)[C@@H](O)C[C@]2(C2C(=C1)[C@]1(O)CC[C@H]([C@@](O)([C@H](O)CCC(O)(C)C)C)[C@]1(CC2)C)C,-4.79
O=C1C=C2C([C@@]3(C[C@H](O)[C@H](O)C[C@@]13O)C)[C@@H](O)C[C@]1(C)[C@H](CC[C@]12O)[C@@](O)([C@H](O)CCC(C)C)C,-4.9000001
O(C)c1cc(ccc1OC)\C=C\CCOC(=O)CCCCCCC\C=C/C\C=C/CCCCC,-4.8498521
O(C)c1cc(ccc1OC)\C=C\CCOC(=O)CCCCCCC\C=C/CCCCCCCC,-5.0101638
O(C)c1cc(ccc1OC)\C=C\CCO,-4.8428431
O=C1N2C(=Nc3c1cccc3)c1[nH]c3c(c1CC2)cccc3,-5.0582528
O=C1N2C(N(c3c1cccc3)C)c1[nH]c3c(c1CC2)cccc3,-4.632256
s1cc(nc1NC(=O)\C(\C(OC(C)C)=O)=C\1/SCS/1)C,-4.5100002
OCC[N+](C)(C)C,-4.9521427
O1[C@@H](C(=O)CC\C=C\C\C=C\C)[C@H]1C(=O)N,-5.4224062
O1[C@@H](CO)[C@H](O)[C@@H](O)[C@H](O)C1OC(=O)[C@]1([C@H]2CC[C@]34CC([C@H](C3)C(O[C@H]3O[C@@H](CO)[C@H](O)C(O[C@H]5O[C@@H](CO)[C@H](O)[C@@H](O)[C@@H]5O)[C@@H]3O[C@H]3O[C@@H](CO)[C@H](O)[C@@H](O)[C@@H]3O)CC4[C@@]2(CCC1)C)=C)C,-6.9593034
OC(=O)[C@H](NC(=O)[C@@H](NC(=O)[C@H](N)Cc1ccccc1)C)CO,-6.2819986
O1c2c(OC1)c(OC)cc(C(OC)=O)c2-c1c2OCOc2c(OC)cc1C(OC)=O,-4.1687455
O(C(=O)Nc1[nH]c2c(n1)cccc2)C,-4.1011863
Clc1cc(ccc1Cl)C(=O)N[C@H](CCC(O)=O)C(=O)N(CCCCC)CCCOC,-5.140131
S=C(Nc1cc2c(cc1)C1(OC2=O)c2c(Oc3c1ccc(O)c3)cc(O)cc2)NCCCC[C@@H](N)C(OC)=O,-5.8313413
O1[C@H]2[C@H](C3C4N(CC3)CCCCC4[C@H]2CC)[C@H](C)C1=O,-4.9198675
O1c2c(C[C@@H](OC(=O)\C=C(\C)/C)C1(C)C)cc1C=CC(Oc1c2)=O,-4.9204097
Clc1ncc(cc1)CN1CCN=C1NN(O)O,-4.6677732
O(C)c1cc(ccc1OC)CC1N(CCc2c1cc(OC)c(OC)c2)C,-4.5497985
O1c2cc3C(N(CCc3cc2OC)C)Cc2cc(Oc3ccc(CC4N(CCc5c4c1c1OCOc1c5)C)cc3)c(OC)cc2,-4.1877432
O[C@@H]1CC[C@H]2[C@@H](C[C@H]3N(CCc4c5c([nH]c34)cccc5)C2)[C@H]1C(OC)=O,-4.7298937
OC(=O)CC(NC(=O)CNC(=O)CNC(=O)C(NC(=O)C(NC(=O)C)Cc1c2c([nH]c1)cccc2)C)C(=O)NC(C(=O)N)C,-7.4981046
O=C(N)C[C@H](NC(=O)CNC(=O)C)C(=O)N[C@H](C(=O)N)C,-6.5900002
O=C(N[C@@H](CCCCN)C(=O)N[C@H](C(=O)N)C)CNC(=O)C,-7.0100002
O=C1NC(C)C(=O)NCC(=O)NCC(=O)NC(CC(O)=O)C(=O)NC(C)C(=O)NC1Cc1c2c([nH]c1)cccc2,-7.0307584
O1[C@@H]2[C@@H]3[C@@H]4C(=CC1)CN1[C@H]([C@@]5([C@H]3N(c3c5cccc3)C(=O)C2)CC1)C4,-4.5086198
O1[C@H]2[C@H]3[C@H]4C(=CC1)CN1[C@@H]([C@]5([C@@H]3N(c3cc(OC)c(OC)cc35)C(=O)C2)CC1)C4,-4.7786422
O1[C@H]2[C@H]3[C@H]4C(=CC1)C[N+]1([O-])[C@@H]([C@]5([C@@H]3N(c3cc(OC)c(OC)cc35)C(=O)C2)CC1)C4,-5.46
O1[C@H]2[C@@H]3[C@@H]4C(=CC1)CN1C[C@H](O)C5([C@@H]3N(c3c5cccc3)C(=O)C2)C1C4,-4.600163
O=C1N\C(=C\c2[nH]c(Cc3[nH]c(\C=C/4\NC(=O)C(C)=C\4C=C)c(C)c3CCC(O)=O)c(CCC(O)=O)c2C)\C(C)=C1C=C,-6.1314831
S(O)(=O)(=O)CCNC(=O)CCc1c(C)c([nH]c1Cc1[nH]c(\C=C/2\NC(=O)C(C=C)=C\2C)c(C)c1CCC(=O)NCCS(O)(=O)=O)\C=C/1\NC(=O)C(C)=C\1C=C,-6.0594678
O=C1N\C(=C\C2=N\C(=C/c3[nH]c(\C=C/4\NC(=O)C(C)=C\4C=C)c(C)c3CCC(O)=O)\C(CCC(O)=O)=C2C)\C(C)=C1C=C,-5.6290045
Clc1cccc(Cl)c1C(=O)N[C@@H](Cc1ccc(cc1)C=1C(=O)N(N=CC=1OC)C)CO,-5.6010299
s1cc(nc1-c1nc2c(ccc(OC)c2)c(O[C@H]2C[C@@H]3[C@@H](C2)C(=O)N[C@]2([C@H](\C=C/CCCCN(C)C3=O)C2)C(=O)NS(=O)(=O)C2CC2)c1)C(C)C,-4.8880281
s1cc(nc1-c1nc2c(ccc(OC)c2C)c(O[C@H]2C[C@@H]3[C@@H](C2)C(=O)N[C@]2([C@H](\C=C/CCCCN(C)C3=O)C2)C(=O)NS(=O)(=O)C2CC2)c1)C(C)C,-5.0778604
Clc1c2nc(cc(O[C@H]3C[C@@H]4[C@@H](C3)C(=O)N[C@]3([C@H](\C=C/CCCCN(C)C4=O)C3)C(=O)NS(=O)(=O)C3CC3)c2ccc1OC)-c1scc(n1)C(C)C,-5.238286
S(=O)(=O)(NC(=O)[C@]12NC(=O)[C@H]3[C@@H](C[C@H](Oc4cc(nc5c4ccc(OC)c5C)-n4nc(cc4)C(C)C)C3)C(=O)N(CCCC\C=C/[C@@H]1C2)C)C1CC1,-4.8219547
S(=O)(=O)(NC(=O)[C@]12NC(=O)[C@H]3[C@@H](C[C@H](Oc4cc(nc5c4ccc(OC)c5C)-c4nc(ccc4)C(C)C)C3)C(=O)N(CCCC\C=C/[C@@H]1C2)C)C1CC1,-4.9204097
O1c2c(c(OC)c(OC)c(OC)c2OC)C(=O)C=C1c1ccc(OC)cc1,-4.5315666
O1c2c(C(=O)C=C1c1ccccc1)c(O)cc(O)c2OC,-4.632256
O1c2c(C(=O)C=C1c1ccc(OC)cc1)c(O)cc(O)c2,-4.8423324
O1c2c(C(=O)C=C1c1cc(O)c(O)cc1)c(O)cc(O)c2,-5.0500002
O1c2c(c(O)c(O)c(O)c2)C(=O)C=C1c1ccc(O)cc1,-5.2399998
O1[C@H](CO[C@@H]2OC[C@@H](O)[C@H](O)[C@H]2O)[C@@H](O)[C@H](O)[C@@H](O)C1Oc1cc(O)c2c(OC(=CC2=O)c2cc(O)c(OC)cc2)c1,-6.1599998
O1c2c(c(O)c([C@@H]3O[C@H](CO)[C@@H](O)[C@H](O)[C@H]3O)c(O)c2)C(=O)C=C1c1ccc(O)cc1,-6.2003298
O1c2c(C(=O)C=C1c1cc(O)c(O)cc1)c(O)cc(O[C@@H]1O[C@H](CO)[C@@H](O)[C@H](O)[C@H]1O)c2,-6.3682656
O1c2c(c(O)c(O)c(O[C@@H]3O[C@H](C(O)=O)[C@@H](O)[C@H](O)[C@H]3O)c2)C(=O)C=C1c1ccccc1,-6.7697759
O1c2c(C(=O)C=C1c1cc(O)c(OC)cc1)c(O)cc(O[C@@H]1O[C@H](CO)[C@@H](O)[C@H](O)[C@H]1O)c2,-6.9204097
O1c2c(C(=O)C(O)=C1c1ccccc1)c(O)cc(O)c2,-5.1111913
O1c2c(C(=O)C(O)=C1c1ccc(O)cc1)c(O)cc(O)c2,-4.9899998
O1c2c(C(=O)C(O)=C1c1cc(O)c(OC)cc1)c(O)cc(O)c2,-5.0013065
O1c2c(C(=O)C(O)=C1c1cc(O)c(O)c(O)c1)c(O)cc(O)c2,-5.77
O1c2c(C(=O)C(O)=C1c1ccc(O)cc1O)c(O)cc(O)c2,-6.2088041
O1c2c(C(=O)C(O[C@@H]3O[C@@H](C)[C@@H](O)[C@@H](O)[C@@H]3O)=C1c1cc(O)c(O)cc1)c(O)cc(O)c2,-6.0999999
O1c2c(C(=O)C(O[C@@H]3O[C@H](CO)[C@@H](O)[C@H](O)[C@H]3O)=C1c1cc(O)c(O)cc1)c(O)cc(O)c2,-6.27
O1[C@H](CO[C@H]2O[C@H](C)[C@@H](O)[C@H](O)[C@@H]2O)[C@@H](O)[C@H](O)[C@@H](O)C1OC1=C(Oc2c(C1=O)c(O)cc(O)c2)c1cc(OC)c(O)cc1,-6.5388007
O1c2c(C(=O)CC1c1cc(O)c(O)cc1)c(O)cc(O)c2,-5.2800002
O1C=C(C(=O)c2c1cc(O)cc2)c1ccc(OC)cc1,-4.5293546
O1C=C(C(=O)c2c1cc(O)cc2)c1ccc(O)cc1,-4.6788902
O1[C@H](CO)[C@@H](O)[C@H](O)[C@@H](O)C1c1c2OC=C(C(=O)c2ccc1O)c1ccc(O)cc1,-6.3989701
Oc1cc(O)ccc1C(=O)\C=C\c1ccc(O)cc1,-4.8378239
O1c2c(C[C@@H](O)[C@H]1c1cc(O)c(O)cc1)c(O)cc(O)c2,-6.4311924
Clc1ccc(cc1)C[C@H](C(=O)N1CCN(CC1)c1ccc(cc1[C@@H](N)C(C)C)C)C,-5.3000002
Clc1cc(F)c(cc1)C[C@H](C(=O)N1CCN(CC1)c1ccc(cc1[C@@H](NCCNC)C(C)C)C)C,-5.52
Clc1cc(Cl)ccc1C[C@H](C(=O)N1CCN(CC1)c1c(cccc1F)[C@@H](NC(=O)CNC)C(C)C)C,-5.6999998
Clc1ccc(cc1)C[C@H](C(=O)N1CCN(CC1)c1c(cccc1F)[C@@H](NC(=O)CCN(C)C)C(C)C)C,-5
Clc1ccc(cc1)C[C@H](C(=O)N1CCN(CC1)c1ccc(cc1[C@@H](NC(=O)CCN)C(C)C)C)C,-5.5214391
Clc1ccc(cc1)C[C@H](C(=O)N1CCN(CC1)c1ccc(cc1[C@@H](NC(=O)CCNC)C(C)C)C)C,-4.9204097
Clc1cc(F)c(cc1)C[C@H](C(=O)N1CCN(CC1)c1ccc(cc1[C@@H](NC(=O)CCN(C)C)C(C)C)C)C,-4.4308991
Clc1cc([C@@H](NC(=O)C(N)C)C(C)C)c(N2CCN(CC2)C(=O)[C@@H](Cc2ccc(Cl)cc2OC)C)cc1,-5.5214391
Clc1cc([C@@H](NC(=O)CCN(C)C)C(C)C)c(N2CCN(CC2)C(=O)[C@@H](Cc2ccc(Cl)cc2)C)cc1,-5.0478787
o1c(cnc1-c1cc(O)ccc1)-c1ccc(O)cc1,-5.1011863
Clc1ccc(NC(=O)c2n(ncc2)CCc2ccncc2)cc1,-5.1590075
O=C(Nc1ccc(cc1)CC)c1n(ncc1)CCc1ccncc1,-5.0116143
FC(F)(F)Oc1ccc(NC(=O)c2n(ncc2)CCc2ccncc2)cc1,-5.1515226
ClC(F)(F)Oc1ccc(NC(=O)c2n(ncc2)CCc2ccncc2)cc1,-5.3275695
O=C(Nc1ccc(cc1)C(C)(C)C)c1n(ncc1)CCc1ccncc1,-5.1295056
O=C(Nc1ccc(cc1)C(C)C)c1n(ncc1)CCc1ccncc1,-5.0886235
O1CCOC12C[C@H](C(=O)NO)[C@H](NC(=O)c1ccc(OCc3cc(nc4c3cccc4)C)cc1)C2,-5.7423639
O1CCC[C@]12C[C@H](C(=O)NO)[C@H](NC(=O)c1ccc(OCc3cc(nc4c3cccc4)C)cc1)C2,-5.6319547
s1nc(C(=O)Nc2cc(ccc2)C(F)(F)F)c(NCc2ccncc2)c1,-5.158072
s1nc(C(=O)Nc2cc(OC(F)(F)F)ccc2)c(NCc2ccncc2)c1,-5.1003633
s1nc(C(=O)Nc2cc(ccc2)C(C)(C)C)c(NCc2ccncc2)c1,-5.2516832
Brc1cc(NC(=O)c2nscc2NCc2ccncc2)ccc1,-5.2606096
s1nc(C(=O)Nc2cc(C(F)(F)F)c(cc2)C)c(NCc2ccncc2)c1,-5.2295737
s1nc(C(=O)Nc2cc(ccc2)C(F)(F)F)c(NCc2c3c(ncc2)cccc3)c1,-5.5700002
S1c2c(N(c3c1cccc3)CC1CCN(CC1)CCCNC=1N(C)C(=O)N(C)C(=O)C=1)cc(cc2)C(O)=O,-5.8989701
S1c2c(N(c3c1cccc3)CC1CCN(CC1)CCCN(C)C=1N(C)C(=O)N(C)C(=O)C=1)cc(cc2)C(O)=O,-5.7209244
S1c2c(N(c3c1cccc3)CCCN1CCCN(CC1)C=1N(C)C(=O)N(C)C(=O)C=1)cc(cc2)C(O)=O,-4.8289509
S1c2c(N(c3c1cccc3)CCCN1CCCN(CC1)C=1N(C)C(=O)N(C)C(=O)C=1)cccc2C(O)=O,-5.8005152
S1c2c(N(c3c1cccc3)CCN1CCN(CC1)C=1N(C)C(=O)N(C)C(=O)C=1)cc(cc2)C(O)=O,-5.3099999
S1c2c(N(c3c1cccc3)CCCCN1CCN(CC1)C=1N(C)C(=O)N(C)C(=O)C=1)cc(cc2)C(O)=O,-4.6900001
S1c2c(N(c3c1cccc3)CCCN1CCCN(CC1)C=1N(C)C(=O)N(C)C(=O)C=1)cc(cc2)CC(O)=O,-5.2600002
S1c2c(N(c3c1cccc3)CCCN1CCCN(CC1)C=1N(C)C(=O)N(C)C(=O)C=1)cc(cc2)CCC(O)=O,-5.1100001
S1c2c(N(c3c1cccc3)CCCN1CCCN(CC1)C=1N(C)C(=O)N(C)C(=O)C=1)cc(cc2)C(C(O)=O)(C)C,-5
S1c2c(N(c3c1cccc3)CCCN1CCCN(CC1)C=1N(C)C(=O)N(C)C(=O)C=1)cc(OCC(O)=O)cc2,-5.8005152
S1c2c(N(c3c1cccc3)CCCN1CCCN(CC1)C=1N(C)C(=O)N(C)C(=O)C=1)cc(cc2)\C=C\C(O)=O,-4.6493707
S1c2c(N(c3c1cccc3)CCCN1CCC(=CC1)C=1N(C)C(=O)N(C)C(=O)C=1)cc(cc2)CC(O)=O,-4.8289509
Oc1ccc(cc1C(C)(C)C)C[C@H](NC(=O)[C@@H](N(C(=O)[C@@H](N)Cc1ccccc1)C)C(C)C)C,-4.9186072
ClCCN1C(=O)[C@]2(OC1=O)[C@@H]1N(c3cc(OC)c(cc3[C@]13[C@H]1N(CC=C[C@]1(C2)CC)CC3)[C@@]1(c2[nH]c3c(c2CCN2C[C@@](O)(C[C@H](C1)C2)CC)cccc3)C(OC)=O)C,-4.8616409
O=C1[C@H]2[C@](CC[C@@H]3[C@@](C(O)=O)(C)[C@H](O)CC[C@@]23C)(C)[C@]2(C[C@@H]([C@@H]3[C@H](C2=C1)[C@@H](C)[C@@H](CC3)C)C)C,-5.8000002
n1c2c(CCCC2)c(NCCCCCCCNc2c3CCCCc3nc3c2cccc3)c2c1cccc2,-5.4412465
Oc1c2c(C(=O)C(C2)(C)C)c(C)c(CCO)c1C,-4.7597256
O1[C@H](CO)[C@@H](O)[C@H](O)[C@@H](O)[C@@H]1OCCc1c(C)c(O)c2c(C(=O)C(C2)(C)C)c1C,-6.0107207
O1[C@H](CO)[C@@H](O)[C@H](O)[C@@H](O)C1OC1=C(Oc2c(C1=O)c(O)cc(O)c2)c1cc(O)c(OC2O[C@H](CO)[C@@H](O)[C@H](O)[C@H]2O)cc1,-7.0478787
O(Cc1ccccc1)C(=O)CC[C@H](N)C(=O)NC(C(O)=O)C,-5.6912522
O(Cc1ccccc1)C[C@H](N)C(=O)NC(C(O)=O)C,-5.9906998
O[C@H]1C[C@H]2[C@H]([C@@H]3CC[C@H]([C@@H](CCC(=O)NCC(=O)[O-])C)[C@@]13C)[C@H](O)C[C@@H]1C[C@H](O)CC[C@@]12C,-5.7141905
S(=O)(=O)(N[C@@H](Cc1cc(F)c(cc1)[C@H]1S(=O)([O-])=NC(=O)C1)c1[nH]c2c(n1)cccc2)c1ccccc1,-6.5214391
O=C1N(C)[C@@H](CCCCN)C(=O)N[C@@H]([C@H](O)C)C(=O)N(C)[C@@H](Cc2ccccc2)C(=O)N2[C@@H](CCC2)C(=O)N[C@@H](Cc2ccccc2)C(=O)N[C@@H]1Cc1c2c([nH]c1)cccc2,-6.5700002
OC1(CCCCC1CN(C)C)c1cc(O)ccc1,-4.7799463
O1c2c(C[C@@H](O)[C@H]1c1cc(O)c(O)c(O)c1)c(O)cc(O)c2,-6.8284068
O1C2=CC(=O)C=CC2=C(c2c1cc(O)cc2)c1ccccc1C(O)=O,-4.77
o1c(ccc1-c1ccc(cc1)/C(=N/OCC)/N)-c1ccc(cc1)/C(=N/OCC)/N,-5.2295737
S1(=O)(=O)N=C(Nc2c1cccc2)C=1C(=O)N(n2c(ccc2)C=1O)CCC(C)C,-4.9593034
O1C[C@@]12[C@@H]1O[C@H]3C=C(C)C(=O)[C@H](O)[C@@]3(CO)[C@@]2(C[C@@H]1O)C,-5.3005152
NCCCCN,-4.5179658
S(CC[C@H](NC(=O)[C@@H](NC(=O)CNC(=O)CNC(=O)[C@@H](N)Cc1ccc(O)cc1)Cc1ccccc1)C(O)=O)C,-7.3800001
S(CC[C@H](NC(=O)[C@@H](NC(=O)CNC(=O)[C@H](NC(=O)[C@@H](N)Cc1ccc(O)cc1)C)Cc1ccccc1)C(O)=O)C,-7.02
S(CC[C@H](NC)C(=O)NC(=O)[C@@H](NC(=O)CNC(=O)[C@H](NC(=O)[C@@H](N)Cc1ccc(O)cc1)C)Cc1ccccc1)C,-7.3099999
O1C(CN(c2ccc(cc2)C(=O)C)C1=O)CNC(=O)C,-4.5900002
O1C(CN(c2ccc(cc2)C(=O)C)C1=O)CO,-4.1799998
O1C(CN(c2ccc(cc2)C(=O)C)C1=O)CN,-4.8499999
O1C(CN(c2ccc(cc2)C(=O)C)C1=O)COCOCCC,-3.95
OC(NC(=O)C)CNc1ccc(cc1)C(=O)C,-5.2199998
S1(=O)N(C)C(CN1c1ccc(cc1)C(=O)C)CNC(=O)C,-5.1199999
O=C1NC(CN1c1ccc(cc1)C(O)C)CNC(=O)C,-5.6999998
S(=O)(=O)(N1CC(OC1=O)CNC(=O)C)c1ccc(cc1)C,-4.7199998
O1CC2N(c3cc(ccc3CC2)C(=O)C)C1=O,-4.0100002
O=C(NCC(=O)N[C@@H](CCCCN)C(=O)N[C@H](C(=O)N)C)CNC(=O)[C@@H](NC(=O)[C@@H](NC(=O)C)Cc1c2c([nH]c1)cccc2)C,-7.3099999
O1[C@H](CO)[C@@H](O)[C@H](O)[C@@H]1N1C=CC(O)=NC1=O,-6.0999999
O1[C@H](COC(=O)[C@@H](N)C(C)C)[C@@H](O)[C@H](O)[C@@H]1N1C=CC(O)=NC1=O,-5.23
O=Cc1n(Cc2ccc(cc2)-c2ccccc2-c2[nH]nnn2)c(nc1CC)CCC,-5.3800001
S(=O)(=O)(NC(=O)CCCC)c1ccccc1-c1cc(F)c(cc1)Cn1c(C(O)=O)c(nc1CCC)CC,-5.1999998
O(C)c1ccc(cc1)CC(NCC(O)c1cc(NC=O)c(O)cc1)C,-5.6300001
S(=O)(=O)(n1c2cc(ccc2nc1N)\C(=N\O)\c1ccccc1)C(C)C,-3.8699999
S(=O)(=O)(n1c2cc(ccc2nc1N)\C(=C\C(=O)N)\c1ccccc1)C(C)C,-4.3600001
S(=O)(=O)(n1c2cc(ccc2nc1N)/C(=C/C(=O)N)/c1ccc(F)cc1)C(C)C,-4.3299999
S(=O)(=O)(n1c2cc(ccc2nc1N)/C(=C/C(=O)N)/c1cc(F)ccc1)C(C)C,-4.1399999
S(=O)(=O)(n1c2cc(ccc2nc1N)/C(=C/C(=O)NC)/c1cc(F)ccc1F)C(C)C,-4.2600002
S(=O)(=O)(n1c2cc(ccc2nc1N)/C(=C/C(=O)NC)/c1cccc(F)c1F)C(C)C,-4.21
S(=O)(=O)(n1c2cc(ccc2nc1N)/C(=C/C(=O)NC)/c1cc(F)ccc1)CCC,-4.1900001
S(=O)(=O)(n1c2cc(ccc2nc1N)/C(=C/C(=O)N)/c1cccc(F)c1F)C(C)C,-4.23
S(=O)(=O)(n1c2cc(ccc2nc1N)/C(=C/C(=O)NC)/c1ccc(F)c(F)c1F)C(C)C,-4.1399999
S(=O)(=O)(n1c2cc(ccc2nc1N)/C(=C/C(=O)N)/c1cc(F)c(OC)cc1)C(C)C,-4.48
S(=O)(=O)(n1c2cc(ccc2nc1N)/C(=C/C(=O)N)/c1cc(F)cc(F)c1)C(C)C,-4.2399998
S(=O)(=O)(n1c2cc(ccc2nc1N)/C(=C/C(=O)N)/c1c(F)c(F)c(F)c(F)c1F)C(C)C,-4.1999998
S(=O)(=O)(n1c2cc(ccc2nc1N)/C(=C/C(=O)N)/c1cc(F)ccc1)C(C)C,-4.54
S(=O)(=O)(n1c2cc(ccc2nc1N)/C(=C/C(=O)N)/c1cc(F)c(F)c(F)c1)C(C)C,-4.3299999
S(=O)(=O)(n1c2cc(ccc2nc1N)/C(=C/C(=O)N)/c1cc(F)c(F)cc1)C(C)C,-4.3600001
S(=O)(=O)(n1c2cc(ccc2nc1N)/C(=C/C(=O)NCC)/c1cccc(F)c1F)C(C)C,-4.0700002
S(=O)(=O)(n1c2cc(ccc2nc1N)/C(=C/C(=O)NC)/c1cc(F)ccc1)NC(=O)N(C)C,-4.0599999
S(=O)(=O)(n1c2cc(ccc2nc1N)/C(=C/C(=O)N)/c1cc(F)ccc1)NC(=O)N(C)C,-4.1700001
S(=O)(=O)(n1c2cc(ccc2nc1N)/C(=C/C(=O)NC)/c1cc(F)ccc1)NC(=O)N1CCOCC1,-4.3899999
S(=O)(=O)(n1c2cc(ccc2nc1N)/C(=C/C(=O)NC)/c1cc(F)ccc1)NC(=O)N1CCCC1,-4.0999999
S(=O)(=O)(n1c2cc(ccc2nc1N)/C(=C/C(=O)N)/c1cc(F)ccc1)NC(=O)N1CCOCC1,-4.7399998
Fc1ccccc1\C(=C/C(=O)NC)\c1cc2n(C3CCCC3)c(nc2cc1)N,-5.1500001
O1[C@H](CO)[C@@H](O)[C@H](O)[C@@H](O[C@@H]2O[C@@H](C)[C@H](O)[C@@H](O)[C@H]2O)[C@@H]1Oc1cc(O)c2c(O[C@@H](CC2=O)c2ccc(O)cc2)c1,-6.8200002
Clc1cc2NC(N3CCNCC3)=C3C(=Nc2cc1)C=CC=C3,-4.6799998
Oc1c(cccc1C(C)C)C(C)C,-4.77
S(=O)(=O)(N)c1ccc(N)cc1,-5.2600002
s1cnnc1NS(=O)(=O)c1ccc(NC(=O)CCCCCCCCC)cc1,-5.46
s1cnnc1NS(=O)(=O)c1ccc(cc1)CCCCCCCCCCCC,-5.3200002
O=C(N[C@H](C(=O)N[C@@H](C(C)(C)C)C(=O)N1C[C@H]2[C@H](CCC2)C1C(=O)N[C@H](C(=O)C(=O)NC1CC1)CCC)C1CCCCC1)c1nccnc1,-5.3200002
s1cc(nc1NC(C)C)-c1nc2c(ccc(OC)c2)c(O[C@@H]2CC3N(C2)C(=O)[C@@H](NC(OC2CCCC2)=O)CCCCC\C=C/[C@H]2C[C@]2(NC3=O)C(O)=O)c1,-5.6599998
S(=O)(=O)(N)c1ccccc1-c1cnc(nc1)NC(=O)c1n(nc(c1)C(F)(F)F)-c1cc(ccc1)C(N)=N,-7
S(=O)(=O)(N)c1ccccc1-c1cc(F)c(NC(=O)c2n(nc(c2)C)-c2cc(ccc2)CN)cc1,-6
S(=O)(=O)(C)c1ccccc1-c1ccc(NC(=O)c2n(nc(c2)C)-c2cc(ccc2)CN)cc1,-5.9000001
S(=O)(=O)(N)c1ccccc1-c1cc(F)c(NC(=O)c2n(nc(c2)C(F)(F)F)-c2cc(ccc2)CN)cc1,-6
S(=O)(=O)(C)c1ccccc1-c1ccc(NC(=O)c2n(nc(c2)C(F)(F)F)-c2cc(ccc2)CN)cc1,-5.5
S(=O)(=O)(C)c1ccccc1-c1cc(F)c(NC(=O)c2n(nc(c2)C(F)(F)F)-c2cc(ccc2)CN)cc1,-5.3000002
Clc1cc(C(F)(F)F)c(NC(OC[C@H]2N=C(c3c(N(CC(=O)NC\C=C\C(OC)=O)C2=O)cccc3)c2ccccc2)=O)cc1,-5.4200001
Oc1c2c(ccc1)cccc2,-4.4899998
O=C(N[C@H]([C@@H](O)[C@@H](O)CC(C)C)CC1CCCCC1)CCCCCc1ccccc1,-5.1500001
OC(=O)CC(CC1CCN(CC1)C(=O)CCc1nc2NCCCc2cc1)c1cc2c(nc1)cccc2,-5.8899999
OC(=O)CC(CC1CCN(CC1)C(=O)CCc1nc2NCCCc2cc1)C1Cc2c(NC1)cccc2,-5.5999999
OC(=O)CC(C1CCN(CC1)C(=O)CCCc1nc2NCCCc2cc1)C1Cc2c(NC1)cccc2,-5.2199998
O=C1N(CC[C@H]1CCCc1nc2NCCCc2cc1)[C@@H](CC(O)=O)c1cc2c(nc1)cccc2,-5.6900001
FC1=CN([C@H]2O[C@@H](COC(=O)C(N)C(C)C)[C@H](O)C2)C(=O)NC1=O,-5.29
FC1=CN([C@H]2O[C@@H](COC(=O)[C@@H](N)C(C)C)[C@H](O)C2)C(=O)NC1=O,-6.0100002
Oc1ccc(cc1)C(OC)=O,-4.46
Oc1ccc(cc1)C(OCCC)=O,-4.3899999
Oc1ccc(cc1)C(OCCCC)=O,-4.4899998
Oc1ccc(cc1)C(OCCCCCCCC)=O,-4.8800001
O1C(CC)=C(C)C(=O)C(Cc2c(O)c(C(=O)C)c(O)c(C\C=C(\C)/C)c2O)=C1O,-4.71
Clc1cc2nc(sc2nc1)COc1ccc(F)c(C(=O)N)c1F,-4.3099999
n1ccn(c1)Cc1cc(ccc1)C#N,-4.1700001
n1c2c(n(c1)Cc1ccccc1)cccc2,-4.1500001
n1c2c(n(c1)Cc1cc(ccc1)C#N)cccc2,-4.1799998
OC(=O)c1ccc(cc1)Cn1c2c(nc1)cccc2,-5.5
S(=O)(=O)(N)c1ccc(cc1)Cn1c2c(nc1)cccc2,-4.6300001
OC(=O)c1ccc(cc1)Cn1nccc1,-5.4400001
OC(=O)Cc1ccc(cc1)Cn1nccc1,-5.54
OC(=O)c1cc(ccc1)Cc1ncccn1,-5.21
O=C(N)c1cc(ccc1)Cn1ccnc1,-5.1599998
O=C(N)c1cc(ccc1)Cn1c2c(nc1)cccc2,-4.5999999
n1c2c(n(c1)Cc1cc(ccc1)CN)cccc2,-4.5599999
n1c2c(n(c1)Cc1cc(N)ccc1)cccc2,-4.2399998
S(=O)(=O)(Nc1cc(ccc1)Cn1c2c(nc1)cccc2)C,-4.6300001
O=C(N[C@H](Cc1ccccc1)C(=O)N([C@H](Cc1ccccc1)C(=O)N[C@H](Cc1ccccc1)C(=O)N)C)C,-5.0900002
O=C(N[C@H](Cc1ccccc1)C(=O)N[C@H](Cc1ccccc1)C(=O)N[C@H](Cc1ccccc1)C(=O)NC)C,-5.3800001
O(C)c1ccc(cc1)CN(CCN(C)C)c1ncccc1,-4.6599998
Clc1nc(N2CCNCC2)ccc1C(F)(F)F,-4.5999999
Clc1cc2[C@@H]3[C@@H](c4c(Oc2cc1)cccc4)CN(C3)C,-4.73
O=C1N(CCCCN2CCN(CC2)c2ncccn2)C(=O)CC(C1)(C)C,-4.6999998
OC1C(CC(=O)N(CCCCN2CCN(CC2)c2ncccn2)C1=O)(C)C,-4.8899999
FC(F)(F)c1cc(ncc1)N1CCN(CC1)CCCCN1CCCC1=O,-4.7399998
Clc1ccc(cc1)C1c2c(C=3N(C1)CCN=3)cccc2,-4.7199998
Fc1ccc(cc1)C(c1ccc(F)cc1)=C1CCN(CC1)CCCC(=O)N1CCCC1,-5.0599999
o1nc(c2c1cccc2)-c1ccccc1C(N)CC=C,-4.8699999
O1c2c3c4c(c(O)c2C)C(=O)C(NC(=O)/C(=C\C=C\[C@H](C)[C@H](O)[C@@H](C)[C@@H](O)[C@@H](C)[C@H](OC(=O)C)[C@H](C)[C@@H](OC)\C=C\O[C@]1(C)C3=O)/C)=C1NC2(N=C14)CCN(CC2)CC(C)C,-5.02
FCCNC(=O)[C@@H](NC(=O)[C@H](OCc1ccccc1)[C@H](O)[C@@H](O)[C@@H](OCc1ccccc1)C(=O)N[C@H]1c2c(C[C@H]1O)cccc2)C(C)C,-5.8000002
O[C@@H]1Cc2c(cccc2)[C@@H]1NC(=O)[C@H](OCc1ccccc1)[C@H](O)[C@@H](O)[C@@H](OCc1ccccc1)C(=O)N[C@@H](C(C)C)C(=O)NC,-5.8499999
FC(F)(F)CNC(=O)[C@@H](NC(=O)[C@H](OCc1ccccc1)[C@H](O)[C@@H](O)[C@@H](OCc1ccccc1)C(=O)N[C@H]1c2c(C[C@H]1O)cccc2)C(C)C,-5.54
s1cccc1C1OC2C(OC(O[C@H]3[C@@H]4[C@@H]([C@@H](c5c3cc3OCOc3c5)c3cc(OC)c(O)c(OC)c3)C(OC4)=O)C(O)C2O)CO1,-6.0500002
o1c2c(cc1-c1nc(ccn1)-c1[nH]c3c(c1)C(=O)NCC13CCCNC1)cccc2,-5.8200002
O(CCCOC)c1ncc(cc1)-c1nc(ccn1)-c1[nH]c2c(c1)C(=O)NCC12CCCNC1,-5.3800001
n1nnn(Cc2ccccc2)c1C(N1CCCN(CC1)C1CCC1)c1ccc(cc1)Cn1ncnc1,-6.3000002
S1c2c(N(c3c1cccc3)CCCN1CCN(CC1)C1N(C)C(=O)N(C)C(=O)C1)cc(cc2)CC(O)=O,-4.9099998
O1Cc2c(N(c3cc(ccc13)C(O)=O)CCCN1CCN(CC1)C1N(C)C(=O)N(C)C(=O)C1)cccc2,-5.1199999
O1Cc2c(N(c3cc(ccc13)CC(O)=O)CCCN1CCCN(CC1)C1N(C)C(=O)N(C)C(=O)C1)cccc2,-5.8000002
O1Cc2c(N(c3cc(ccc13)C(C(O)=O)C)CCCN1CCCN(CC1)C1N(C)C(=O)N(C)C(=O)C1)cccc2,-5.7199998
O1Cc2c(N(c3cc(ccc13)C(O)=O)CCCN1CCCN(CC1)C1N(C)C(=O)N(C)C(=O)C1)cccc2,-5.5
O=C1N(C)C(=O)N(C)C(N2CCCN(CC2)CCCN2c3cc(ccc3CCc3c2cccc3)CC(O)=O)C1,-5.5900002
O=C1N(C)C(=O)N(C)C(N2CCCN(CC2)CCCN2c3cc(ccc3CCc3c2cccc3)C(C(O)=O)(C)C)C1,-5.2450004
O1Cc2c(cccc2)/C(/c2cc(ccc12)CC(O)=O)=C/CCN1CCN(CC1)C1N(C)C(=O)N(C)C(=O)C1,-5.1399999
O1Cc2c(cccc2)/C(/c2cc(ccc12)CC(O)=O)=C/CCN1CCCN(CC1)C1N(C)C(=O)N(C)C(=O)C1,-5.4000001
O1Cc2c(cccc2)/C(/c2cc(ccc12)C(O)=O)=C/CCN1CCN(CC1)C1N(C)C(=O)N(C)C(=O)C1,-5.0700002
O1Cc2c(cccc2)/C(/c2cc(ccc12)C(O)=O)=C/CCN1CCCN(CC1)C1N(C)C(=O)N(C)C(=O)C1,-5.4200001
O=C1N(C)C(=O)N(C)C(N2CCN(CC2)CC\C=C\2/c3cc(ccc3CCc3c/2cccc3)CC(O)=O)C1,-4.8299999
O=C1N(C)C(=O)N(C)C(N2CCCN(CC2)CC\C=C\2/c3cc(ccc3CCc3c/2cccc3)C(O)=O)C1,-5.1599998
O=C1N(COC)C(=O)N(COC)C(=O)C1(c1ccccc1)c1ccccc1,-4.4499998
O=C1NC(=O)NC(=O)C1(c1ccccc1)c1ccccc1,-4.46
O1[C@](CC[C@@H]1C(O)(C)C)(C)[C@@H]1[C@]2(CCC34[C@@H](C[C@H](O)C5C3(CC[C@H](O)C5(C)C)C4)[C@@]2(C[C@@H]1O)C)C,-4.5
O1C(C)(C)C1COc1c2OC(=O)C=Cc2c(OC)c2c1occ2,-4.3000002
O(C(=O)CCCCCCCCC)C,-3.51
O=C(NN)CCCCCCCCC,-4.1199999
O=C(N1CCNCC1)CCCCCCCCC,-3.8199999
O1CC(CCC(=O)CCC\C=C\c2c(C1=O)c(O)cc(O)c2)C,-4.98
O1CC(CCC(O)CCC\C=C\c2c(C1=O)c(O)cc(O)c2)C,-5.27
O1CC(CCC(O)CCCCCc2c(C1=O)c(O)cc(O)c2)C,-4.8200002
O1c2c(C(=O)C=C1c1cc(OC)c(O)c(O)c1)c(O)cc(O)c2,-6
O1c2c(C(=O)C=C1c1cc(OC)c(OC)c(OC)c1)c(O)cc(O)c2,-5.0999999
O1c2c(c(O)c(OC)c(O)c2)C(=O)C=C1c1ccc(O)cc1,-5.1799998
O1c2c(C(=O)C(OC)=C1c1cc(O)c(O)cc1)c(O)c(OC)c(OC)c2,-5.0900002
O1c2c(C(=O)C(O)=C1c1cc(O)c(O)cc1)c(O)c(O)c(O)c2,-6.6999998
O=C(N[C@H](C(=O)N[C@@H](C(C)(C)C)C(=O)N1C[C@H]2[C@H](CCC2)[C@H]1C(=O)N[C@H](C(=O)C(=O)NC1CC1)CCC)C1CCCCC1)c1nccnc1,-5.3899999
O=C1c2c(N3C1=Nc1c(cccc1)C3=O)cccc2,-4.1999998
Brc1ccc(cc1)CN(NC(=O)[C@@H](C(C)(C)C)CC(OC)=O)C[C@@](O)(Cc1ccccc1)C(=O)NC1CCOC1,-4.9699998
Brc1ccc(cc1)CN(NC(=O)[C@@H](C(C)(C)C)CC(OC)=O)C[C@@](O)(Cc1ccccc1)C(=O)N[C@H](C(C)C)C(=O)NCCOC,-5.3200002
Brc1ccc(cc1)CN(NC(=O)[C@@H](C(C)(C)C)CC(OC)=O)C[C@@](O)(Cc1ccccc1)C(=O)N[C@H](C(C)(C)C)C(=O)NC,-5.5999999
O(C(=O)C[C@H](C(C)(C)C)C(=O)NN(Cc1ccc(cc1)-c1ncccc1)C[C@@](O)(Cc1ccccc1)C(=O)N[C@H](C(C)(C)C)C(=O)NC)C,-5.4699998
S(=O)(=O)(NC(=O)[C@]12NC(=O)[C@H]3[C@@H](C[C@H](Oc4nc(nc5c4cccc5)-c4ccccc4)C3)C(=O)N(CCCC\C=C/[C@@H]1C2)C)C1CC1,-4.6799998
S(=O)(=O)(NC(=O)[C@]12NC(=O)[C@H]3[C@@H](C[C@H](Oc4nc(nc5c4ccc(OC)c5)-c4ccccc4)C3)C(=O)N(CCCC\C=C/[C@@H]1C2)C)C1CC1,-4.8899999
s1cc(nc1-c1nc(O[C@H]2C[C@@H]3[C@@H](C2)C(=O)N[C@]2([C@H](\C=C/CCCCN(C)C3=O)C2)C(=O)NS(=O)(=O)C2CC2)c2c(n1)cc(OC)cc2)C(C)C,-5.2199998
S(=O)(=O)(NC(=O)[C@]12NC(=O)[C@H]3[C@@H](C[C@H](Oc4nc(nc5c4ccc(OC)c5)-c4ccc(F)cc4)C3)C(=O)N(CCCC\C=C/[C@@H]1C2)C)C1CC1,-4.6999998
S(=O)(=O)(NC(=O)[C@]12NC(=O)[C@H]3[C@@H](C[C@H](Oc4nc(nc5c4ccc(OC)c5C)-c4ccccc4)C3)C(=O)N(CCCC\C=C/[C@@H]1C2)C)C1CC1,-4.8899999
S(=O)(=O)(NC(=O)[C@]12NC(=O)[C@H]3[C@@H](C[C@H](Oc4nc(nc5c4ccc(OC)c5C)-c4ccc(OC)cc4)C3)C(=O)N(CCCC\C=C/[C@@H]1C2)C)C1CC1,-5.0500002
S(=O)(=O)(NC(=O)[C@]12NC(=O)[C@H]3[C@@H](C[C@H](Oc4nc(nc5c4ccc(OC)c5C)-c4ccccc4)C3)C(=O)N(CCCCC\C=C/[C@@H]1C2)C)C1CC1,-4.5900002
S(=O)(=O)(NC(=O)[C@]12NC(=O)[C@H]3[C@@H](C[C@H](Oc4nc(nc5c4ccc(OC)c5C)-c4ccc(F)cc4)C3)C(=O)N(CCCC\C=C/[C@@H]1C2)C)C1CC1,-4.4899998
S(=O)(=O)(NC(=O)[C@]12NC(=O)[C@H]3[C@@H](C[C@H](Oc4nc(nc5c4ccc(OC)c5C)-c4ccc(F)cc4)C3)C(=O)NCCCCC\C=C/[C@@H]1C2)C1CC1,-4.4899998
O=C(NO)C(C)c1ccc(cc1)CC(C)C,-4.6300001
OC(=O)Cc1cccc(C(=O)c2ccccc2)c1N,-4.52
Fc1cc2c3N(C=C(C(O)=O)C2=O)[C@H](COc3c1N1CCN(CC1)C)C,-4.5500002
P(Oc1ccc(N(O)O)cc1)(OCC)(OCC)=O,-4.6900001
S(=O)(=O)(Nc1ncccc1)c1ccc(\N=N\c2cc(CC(=O)N)c(O)cc2)cc1,-5.7088718
O=C1N(c2c(cccc2)C1(Cc1ccncc1)Cc1ccncc1)c1ccccc1,-4.77
Clc1ccccc1C1C(C(OCC)=O)=C(NC(C)=C1C(OC)=O)COCCN,-4.6700001
O1CCCC1C(=O)NCCCN(C)c1nc(N)c2cc(OC)c(OC)cc2n1,-5.6399999
S(=O)(=O)(Nc1cc2c(oc(CCCC)c2C(=O)c2ccc(OCCCN(CCCC)CCCC)cc2)cc1)C,-4.52
O(C)c1c(OC)cc(cc1OC)C(=O)NCc1ccc(OCCN(C)C)cc1,-4.96
Clc1cc2c(cc1)C(c1ncccc1CC2)=C1CCNCC1,-4.0599999
FC(F)(F)c1cc(ccc1)C=1CCN(CC=1)CCc1cc2c(cc1)cccc2,-4.73
S(=O)(=O)(Nc1cc2S(=O)(=O)N/C(/Nc2cc1)=C/1\C(=O)[C@@H]2[C@H]3CC[C@@H]([C@@H]2N(Cc2ccc(F)cc2)C\1=O)C3)C,-5.8899999
O=C1CC[C@@]2([C@H]3[C@H]([C@H]4CC[C@@H](C(=O)CO)[C@]4(C[C@H]3O)C)CCC2=C1)C,-4.4850001
O1CC(=CC1=O)[C@H]1CC[C@]2(O)[C@H]3[C@H](CC[C@]12C)[C@]1(CC[C@H](O[C@@H]2O[C@H](C)[C@@H](O)[C@@H](OC)C2)C[C@@]1(O)CC3)C=O,-5.6999998
O1C(CO)C(O)C(O)C(O)C1Oc1cc2OC=C(C(=O)c2cc1)c1ccc(O)cc1,-6.3600001
N(CCCN1c2c(CCc3c1cccc3)cccc2)C,-4.6700001
O=C1CC[C@@]2([C@@H]3[C@H]([C@@H]4CC[C@H](C(=O)CO)[C@]4(CC3)C)CCC2=C1)C,-4.6700001
O=C(NCC(CC)C)\C=C\CCCCC\C=C/CC#CC#C,-4.4299998
Clc1nc(n(Cc2ccc(cc2)-c2ccccc2-c2[nH]nnn2)c1C=O)CCCC,-5.1100001
O(C(=O)CC[C@@H](N)C(O)=O)CCOCn1c2N=C(NC(c2nc1)=C)N,-5.8099999
OC(=O)CCC(=O)CN,-5.3400002
O(CC(OCC)=O)c1ccc(cc1)C(=O)CN1CCN(CC1=O)C1CCN(CC1)C(OCOC(=O)C(C)(C)C)=O,-4.2600002
O(CC)C(=O)[C@@H](N[C@H](C(=O)N1CCC[C@H]1C(O)=O)C)CCc1ccccc1,-5.6719999
Fc1cc(F)ccc1C(O)(Cn1ncnc1)Cn1ncnc1,-4.6599998
O=C1N=C(Nc2n(cnc12)COC(CO)CO)N,-6.3699999
O1c2c(C(=O)C=C1c1ccc(OC)cc1)c(O)cc(O)c2,-4.8400002
O=C1N(C)[C@@H](C)C(=O)N[C@@H](C)C(=O)N[C@H](C)C(=O)N[C@H](C)C(=O)N[C@@H](C)C(=O)N[C@@H]1C,-5.8200002
O=C1N(C)[C@@H](C)C(=O)N[C@H](C)C(=O)N[C@@H](C)C(=O)N[C@@H](C)C(=O)N(C)[C@H](C)C(=O)N[C@@H]1C,-5.8200002
O=C1N(C)[C@@H](C)C(=O)N[C@@H](C)C(=O)N[C@H](C)C(=O)N[C@H](C)C(=O)N[C@@H](C)C(=O)N(C)[C@@H]1C,-5.3000002
O=C1N(C)[C@@H](C)C(=O)N[C@H](C)C(=O)N[C@H](C)C(=O)N[C@@H](C)C(=O)N[C@H](C)C(=O)N(C)[C@H]1C,-5.8200002
O=C1N(C)[C@@H](C)C(=O)N(C)[C@H](C)C(=O)N[C@@H](C)C(=O)N[C@@H](C)C(=O)N(C)[C@H](C)C(=O)N(C)[C@@H]1C,-5.8200002
O=C1N(C)[C@H](C)C(=O)N(C)[C@@H](C)C(=O)N[C@@H](C)C(=O)N(C)[C@H](C)C(=O)N[C@H](C)C(=O)N(C)[C@H]1C,-5.3000002
OC(=O)C(C)c1ccc(cc1)CC(C)C,-4.2800002
O=C1N(Cc2c1cccc2)c1ccc(cc1)C(CC)C(O)=O,-4.3899999
O1c2c(C(=O)C(O[C@@H]3O[C@H](CO[C@@H]4O[C@@H](C)[C@H](O)[C@@H](O)[C@H]4O)[C@@H](O)[C@H](O)[C@H]3O)=C1c1cc(OC)c(O)cc1)c(O)cc(O)c2,-6.54
O1C(C(O)C(O)C(O)C1CO)c1c([O-])cc2OC(=CC(=O)c2c1O)c1ccc(O)cc1,-6.1999998
O1c2c(C(=O)C(O)=C1c1ccc(OC)cc1)c(O)cc(O)c2,-5.1900001
O1[C@](O)(CO)[C@@H](O)[C@H](O[C@@H]2O[C@H](CO)[C@H](O)[C@H](O)[C@H]2O)[C@H]1CO,-6.8099999
Oc1ccc(cc1)C[C@H](N)C(=O)N[C@H](CCCNC(N)=N)C(=O)N[C@@H](Cc1ccccc1)C(=O)N[C@@H](Cc1ccccc1)C(=O)N,-7.7600002
O1c2c(C(=O)C=C1c1cc(O)c(O)cc1)c(O)cc(O[C@@H]1O[C@H](CO)[C@@H](O)[C@H](O)[C@H]1O)c2,-6.3699999
S(=O)(=O)(n1c2cc(ccc2nc1N)/C(=C/C(=O)N)/c1ccc(F)cc1)C(C)C,-4.3299999
S(=O)(=O)(n1c2cc(ccc2nc1N)/C(=C/C(=O)NC)/c1cc(F)ccc1)NC(=O)N(C)C,-4.0599999
S(=O)(=O)(n1c2cc(ccc2nc1N)/C(=C/C(=O)NC)/c1ccccc1-c1c2c(ccc1)cccc2)C(C)C,-4.0300002
Fc1c(cccc1F)\C(=C/C(=O)NC)\c1cc2n(C(C)C)c(nc2cc1)N,-5.2199998
OC,-4.4899998
O=C(NC(=O)[C@@H](N)Cc1c2c([nH]c1)cccc2)C,-5.6199999
O1[C@@H]2[C@]34CCN([C@H](Cc5c3c1c(O)cc5)[C@]4(O)CCC2=O)CC=C,-4.6700001
O(C(C(OC(=O)C)c1cc(OC)c(OC)cc1)C)c1c(OC)cc(cc1OC)CC=C,-4.5900002
O(C(C(O)c1cc(OC)c(OC)cc1)C)c1c(OC)cc(cc1OC)CC=C,-4.6199999
O(C(C(O)c1cc(OC)cc(O)c1)C)c1c(OC)cc(cc1OC)CC=C,-4.6500001
O=C1Nc2c(nccc2C)N(c2ncccc12)C1CC1,-4.52
O(C(=O)C=1C(C(C(OC)=O)=C(NC=1C)C)c1cc([N+](=O)[O-])ccc1)CC,-4.8499999
S(=O)(Cc1ncc(C)c(OC)c1C)c1[nH]c2c(n1)cc(OC)cc2,-4.1700001
O1CC(=CC1=O)[C@H]1CC[C@]2(O)[C@H]3[C@@H]([C@]4(CO)[C@@](O)(C[C@@H](O[C@@H]5O[C@@H](C)[C@H](O)[C@@H](O)[C@H]5O)C[C@H]4O)CC3)[C@H](O)C[C@]12C,-7.23
[Cl-].O(CCCCC)c1cc(NC(OCC[NH+]2CCCC2)=O)ccc1,-4.77
[Cl-].O(CCCCCC)c1cc(NC(OCC[NH+]2CCCC2)=O)ccc1,-5.48
O(CC(O)CNC(C)C)c1c2c([nH]cc2)ccc1,-4.71
[nH]1c2c(nc1-c1ncccc1)cc(cc2)C(N)=N,-6.4699998
O1[C@@H]2O[C@@]3(OO[C@]24[C@@H](CC[C@H]([C@@H]4CC3)C)[C@@H](C)C1=O)C,-4.52
O1c2c(C(=O)C(O)=C1c1cc(O)c(O)cc1)c(O)cc(O)c2,-6.1149998
O1c2c(C(=O)C(O[C@@H]3O[C@@H](C)[C@H](O)[C@@H](O)[C@H]3O)=C1c1cc(O)c(O)cc1)c(O)cc(O)c2,-6.0999999
Oc1cc(ccc1O)CC(OC(=O)\C=C\c1cc(O)c(O)cc1)C(O)=O,-6.6999998
Oc1ccccc1C(O)=O,-4.8200002
O=C(N[C@@H](CC(=O)N)C(=O)N[C@H]([C@H](O)CN1C[C@@H]2[C@H](C[C@H]1C(=O)NC(C)(C)C)CCCC2)Cc1ccccc1)c1nc2c(cc1)cccc2,-6.2600002
O(CC(O)=O)c1cc(OC)ccc1[C@@H]1c2cc(OCCC)ccc2C[C@H]1C(O)=O,-5.23
O1[C@H]2CC(=O)[C@@H](\C=C(/C)\[C@@H](O)[C@@H](OC)C(=O)[C@@H](CC[C@@H](\C=C\C=C\C=C(/C)\[C@@H](OC)C[C@H]3O[C@](O)([C@@H](CC3)C)C(=O)C(=O)N3[C@@H](C(CCC3)[C@@H]2C[C@H]2C[C@@H](OC)[C@H](OCCO)CC2)C1=O)C)C)C,-4.6300001
S(=O)(=O)(Nc1noc(c1)C)c1ccc(N)cc1,-4.8800001
Clc1cc2NC(=O)Cc2cc1CCN1CCN(CC1)c1nsc2c1cccc2,-5.23
O(C[C@H](O)CNC(C)C)c1ccc(cc1)CCOCC1CC1,-4.8099999
O(C[C@H](OC(=O)C1CC1)CNC(C)C)c1ccc(cc1)CCOCC1CC1,-4.52
O=C1N(C)C(=O)N(c2ncn(c12)C)C,-4.3400002
S1[C@H]2N(C(C(O)=O)=C(C1)C)C(=O)[C@H]2NC(=O)[C@H](N)C=1CC=CCC=1,-5.6900001
Fc1cc2c(N(C=C(C(O)=O)C2=O)C2CC2)cc1N1CC(NCC1)C,-5.4400001
Fc1cc2c(N(C=C(C(O)=O)C2=O)C2CC2)cc1N1CC(N(CC1)CC)C,-4.77
S(=O)(=O)(N[C@@H](Cc1ccc(cc1)CN)C(=O)N(C)C1CCCC1)c1cc2c(cc1)cccc2,-4.9586072
n1c2c(n(c1)Cc1ccccc1)cccc2,-4.1481304
OC(=O)Cc1ccc(cc1)Cn1nccc1,-5.5391021
n1n(ccc1)Cc1cc(ccc1)CN,-4.5466819
O(CC(O)CNC(C)C)c1ccccc1OCC=C,-4.2475038
O=C1N(N=NN1CC)CCN1CCC(N(C(=O)CC)c2ccccc2)(CC1)COC,-3.824779
Fc1ccc(cc1)C[C@@H]1CCCN(C1)C[C@@H]1CCCC[C@H]1NC(=O)Nc1cc(ccc1)-c1nnnn1C,-5.6989698
O(C)c1cc(ccc1OC)CCN(CCC[C@](C(C)C)(C#N)c1cc(OC)c(OC)cc1)C,-4.9612799
Clc1cc(Cl)cc(c1-c1nn(nn1)C)-c1cc(F)c(cc1)[C@H](NC(=O)C1(NC(=O)C(F)(F)F)CC1)C,-4.5528421
Clc1cc(Cl)cc(-c2cc(F)c(cc2)[C@H](NC(=O)C2(NC(=O)C(F)(F)F)CC2)C)c1C(OC)=O,-4.7447276
Clc1cc(-c2cc(F)c(cc2)[C@H](NC(=O)C2(NC(=O)C(F)(F)F)CC2)C)c(C(OC)=O)c(F)c1,-4.5686364
O(c1cc(ncc1CNC)C)c1ccccc1Oc1ccccc1,-4.8399267
OC(=O)Cc1n(C)c(cc1)C(=O)c1ccc(cc1)C,-5.0757208
s1c2c(cc1)\C(\c1c(CC2=O)cccc1)=C\1/CCN(CC/1)C,-3.9546771
Brc1ccc(cc1)C(CCN(C)C)c1ncccc1,-4.7447276
O1[C@H](OC[C@@H](NC(=O)Cc2ccccc2)[C@@H]1C)c1ccc(N(O)O)cc1,-4.9846401
OC(=O)C(C)c1cc(ccc1)C(=O)c1ccccc1,-4.7071905
Clc1nc(C(=O)\N=C(\N)/N)c(nc1N)N,-5.5642352
O=C(N[C@H](CC(=O)N)C(=O)N[C@H]([C@H](O)CN1C[C@H]2[C@@H](C[C@@H]1C(=O)NC(C)(C)C)CCCC2)Cc1ccccc1)c1nc2c(cc1)cccc2,-5.8616972
Clc1cc2c(-n3c(CN=C2c2ccccc2F)cnc3C)cc1,-4.361012
Clc1cc(C(=O)NCCN(CC)CC)c(OC)cc1N,-4.6516953
FC(F)(F)COc1ccc(OCC(F)(F)F)cc1C(=O)NCC1NCCCC1,-4.4168015
O=C1N=C(Nc2n(cnc12)COCCO)N,-5.9899998
S(CCC)c1cc2[nH]c(nc2cc1)NC(OC)=O,-5.1900001
O(C(=O)C(CO)c1ccccc1)C1C[C@@H]2N([C@@H](C1)CC2)C,-4.7016673
S(=O)(=O)(N)c1cc2S(=O)(=O)NC(Nc2cc1C(F)(F)F)Cc1ccccc1,-5.8899999
Clc1cc(C(=O)NC2CCN(CC2OC)CCCOc2ccc(F)cc2)c(OC)cc1N,-4.52
O1C(C)C(O)C(OC)CC1OC1CC2(O)CCC3C(CCC4(C)C(CCC34O)C3=CC(OC3)=O)C2(CC1)C=O,-5.5799999
N(CCCN1c2c(CCc3c1cccc3)cccc2)C,-4.5585299
F[C@@]12[C@H]([C@@H]3C[C@@H](C)[C@](O)(C(=O)CO)[C@]3(C[C@@H]1O)C)CCC1=CC(=O)C=C[C@@]12C,-4.810657
O(C(c1ccccc1)c1ccccc1)CCN(C)C,-4.27
O(CCOC)c1cc2c(ncnc2Nc2cc(ccc2)C#C)cc1OCCOC,-4.4699998
Oc1cc2CC[C@H]3[C@@H]4CC[C@H](O)[C@]4(CC[C@@H]3c2cc1)C,-4.732296
O1C[C@H]2[C@@H]([C@@H](c3c(cc4OCOc4c3)[C@H]2O[C@@H]2O[C@H]3[C@@H](O[C@@H](OC3)C)[C@H](O)[C@H]2O)c2cc(OC)c(O)c(OC)c2)C1=O,-6.1500001
FC(F)(F)COc1ccc(OCC(F)(F)F)cc1C(=O)NCC1NCCCC1,-4.4200001
Fc1cc(ccc1-c1ccccc1)C(C(O)=O)C,-4.6599998
O1CCN(\N=C\c2oc(N(O)O)cc2)C1=O,-4.9899998
Clc1cc(Nc2ncnc3c2cc(OCCCN2CCOCC2)c(OC)c3)ccc1F,-4.48
Clc1cc(Cl)ccc1[C@]1(O[C@@H](CO1)COc1ccc(N2CCN(CC2)C(=O)C)cc1)Cn1ccnc1,-4.7538648
OC(=O)C(C)c1cc(ccc1)C(=O)c1ccccc1,-4.3899999
s1c2c(cc1)C(c1c(CC2=O)cccc1)=C1CCN(CC1)C,-4.9499998
Oc1cc(ccc1O)C[C@H](N)C(O)=O,-5.8219547
O=C(C(CC(N(C)C)C)(c1ccccc1)c1ccccc1)CC,-4.6599998
Oc1cc(ccc1O)C[C@@](N)(C(O)=O)C,-6.619894
Clc1cc2c(-n3c(CN=C2c2ccccc2F)cnc3C)cc1,-4.4000001
O=C1Nc2c(nccc2C)N(c2ncccc12)C1CC1,-4.5053563
Clc1cc2c(NC(=O)CN=C2c2ccccc2)cc1,-3.8588643
O(CC(O)CNC(C)C)c1ccccc1OCC=C,-4.02
Oc1c(CO)c(cnc1C)CO,-4.52
O1C2C3N(C(CC(OC(=O)C(CO)c4ccccc4)C3)C12)C,-4.7240591
S(=O)(=O)(N1CCN(CC1)C)c1cc(C=2NC(=O)c3n(nc(c3N=2)CCC)C)c(OCC)cc1,-4.3418293
S(=O)(=O)(Nc1ncccc1)c1ccc(N)cc1,-4.6700001
S(=O)(C)c1ccc(cc1)\C=C\1/c2c(cc(F)cc2)C(CC(O)=O)=C/1C,-5.2368288
O(CC(O)CNC(C)(C)C)c1ccc(NC(=O)NC2CCCCC2)cc1,-4.9684534
s1c2c(S(=O)(=O)N(C)\C(=C(/O)\Nc3ncccc3)\C2=O)cc1,-4.6786513
OC(C1CCN(CC1)CCCC(O)c1ccc(cc1)C(C)(C)C)(c1ccccc1)c1ccccc1,-5.2600002
s1nc(N2CCOCC2)c(OC[C@@H](O)CNC(C)(C)C)n1,-4.6390147
O1CCNCC1COc1ccccc1OCC,-4.3899999
FC1(F)CCC(CC1)C(=O)N[C@@H](CCN1C2CC(n3c(nnc3C)C(C)C)CC1CC2)c1ccccc1,-6
O1C2=CC(=N)C=CC2=C(c2c1cc(N)cc2)c1ccccc1C(OC)=O,-5.9411516
O=C(N[C@H](CC(C)C)C(=O)N[C@H](Cc1ccccc1)C(=O)NC)C,-5.2142239
O=C(NCCc1ccccc1)CNC(=O)C,-4.6597776
O=C(N[C@H](C(C)C)C(=O)NCCc1ccccc1)C,-4.4610906
S(=O)(=O)(NC(Cc1cc(ccc1)C(N)=N)CC(=O)N1CCNCC1)c1cc2c(cc1)cccc2,-7.0312262
O=C1CC[C@@]2([C@@H]3[C@H]([C@@H]4CC[C@H](C(=O)CO)[C@]4(C[C@@H]3O)C)CCC2=C1)C,-4.3887606
O1[C@](O[C@H]2O[C@H](CO)[C@@H](O)[C@H](O)[C@H]2O)(CO)[C@@H](O)[C@H](O)[C@H]1CO,-5.9186072
O1[C@H](C)[C@H](O)[C@H](N)C[C@H]1O[C@H]1c2c(C[C@@](O)(C1)C(=O)CO)c(O)c1c(C(=O)c3c(cccc3OC)C1=O)c2O,-6.5900002
O1[C@H](CC)[C@](O)(C)[C@H](O)[C@@H](C)C(=O)[C@@H](C[C@](O)(C)[C@H](O[C@@H]2O[C@@H](C[C@H](N(C)C)[C@H]2O)C)[C@@H](C)[C@H](O[C@@H]2O[C@@H](C)[C@H](O)[C@](OC)(C2)C)[C@@H](C)C1=O)C,-5.8602514
O(CC(OC(=O)C1CC1)CNC(C)C)c1c2c(ccc1)cccc2,-4.1608586
Fc1cc2c(N(C=C(C(O)=O)C2=O)C2CC2)cc1N1CC(NCC1)C,-5.4418488
O1C(C)C(O)C(O)C(O)C1O[C@H]1CC[C@@]2([C@@H]3[C@@H](CCC2=C1)[C@@]1(O)CC[C@@H]([C@]1(CC3)C)C=1C=CC(OC=1)=O)C,-6.2299852
F[C@@]12[C@H]([C@@H]3C[C@@H](C)[C@](O)(C(=O)COC4O[C@@H](CC(O)=O)[C@H](O)[C@@H](O)[C@@H]4O)[C@]3(C[C@@H]1O)C)CCC1=CC(=O)C=C[C@@]12C,-5.979651
O=C1N(C)[C@@H](Cc2ncn(CC(=O)N3[C@@H](CCC3)C(=O)N[C@H]1C)c2)C(=O)NC,-5.8998151
O=C(N[C@@H](Cc1ccccc1)C(=O)N[C@H](Cc1ccccc1)C(=O)N[C@@H](Cc1ccccc1)C(=O)N)C,-5.7648687
[nH]1c2c(nc1Cc1[nH]c3cc(ccc3n1)C(N)=N)nccc2C,-7.0478787
O\N=C(\N)/c1cc2[nH]c(nc2cc1)Cc1[nH]c2nccc(c2n1)C,-6.6994848
s1cnnc1-c1ccc(N2C[C@@H](OC2=O)CNC(=O)CC)cc1F,-4.4308991
s1c(nnc1CN)-c1ccc(N2C[C@@H](OC2=O)CNC(=S)C)cc1F,-4.8219547
Fc1cc(N2C[C@@H](OC2=O)CNC(=O)CC)ccc1-n1ncc(c1)C#N,-4.3099999
s1c(nnc1CNC)-c1ccc(N2C[C@@H](OC2=O)CNC(=S)C)cc1F,-4.7697759
s1c(nnc1CNS(=O)(=O)C)-c1ccc(N2C[C@@H](OC2=O)CNC(=S)C)cc1F,-5.619894
Clc1cc(ccc1Cl)[C@]1(CCN(C1)C(=O)c1cc(OC)c(OC)c(OC)c1)CCN1CCC(CC1)(C(=O)N1CCN(CC1)C)c1cccnc1,-5.1382737
S(=O)(=O)(n1c2cc(ccc2nc1N)C(C(=O)N)c1cc(F)ccc1)NC(C)C,-4.3312736
Clc1cc(ccc1Cl)[C@]1(CCC(=O)N(C1)CC1CC1)CCN1CC(N2CCN(S(=O)(=O)N)CC2)C1,-5.8969545
FC1=CN([C@H]2O[C@@H](COC(=O)C(NC(=O)CN)CC(C)C)[C@H](O)C2)C(=O)NC1=O,-5.2006745
Oc1cc(ccc1O)CC(OC(=O)\C=C\c1cc(O)c(O)cc1)C(O)=O,-6.2807493
SCC(=O)NCCCCCNC(=O)c1ccc(N(C)C)cc1,-5.1324477
O=C(Nc1ccccc1)CCCCCCC(=O)NO,-5.6294661
Oc1ccc(cc1)C[C@H](NC(=O)C(N)CCCCCC)C(=O)N1CCC[C@@H]1C(=O)N[C@@H](Cc1c2c([nH]c1)cccc2)C(=O)N[C@@H](Cc1ccccc1)C(=O)N,-5.4504986
O1[C@@H](NC(=O)[C@@H](NC(=O)[C@@H](NC(=O)[C@@H]2N(CCC2)C(=O)[C@@H](NC(=O)C(N)CCCCCC)Cc2ccc(O)cc2)Cc2c3c([nH]c2)cccc3)Cc2ccccc2)C(O)C(O)[C@H](O)[C@H]1C(=O)N,-5.79
Oc1cc(C)c(C[C@H](N)C(=O)N2CCC[C@@H]2C(=O)N[C@@H](Cc2c3c([nH]c2)cccc3)C(=O)N[C@@H](Cc2ccccc2)C(=O)N)c(c1)C,-6.2987847
S(O)(=O)(=O)c1ccc(N)cc1,-5.4299998
S(=O)(=O)(N(CCn1cccc1)C1Cc2cc(ccc2N(C1)Cc1n(cnc1)C)C#N)c1ncccc1,-4.9099998
S(=O)(=O)(N(CC1CCN(CC1)C(OCC(C)C)=O)C1Cc2cc(ccc2N(C1)Cc1n(cnc1)C)C#N)c1ncccc1,-5.1224694
s1c(ccc1C(=O)NC1(CCCC1)C(=O)N[C@H](Cc1ccccc1)C(=O)NCCCN1CCOCC1)-c1ccccc1,-4.9309068
O=Cc1ccncc1,-4.1805573
Oc1ccncc1,-4.1089525
n1ccc(cc1)Cc1ccccc1,-3.9978395
Fc1ccncc1,-3.8897052
Clc1cc(ccc1)C(OC1CC2N([C@@H](C1)CC2)C)c1ccccc1,-4.662271
O1c2c(ccc(OC)c2)C(=O)C=C1c1ccc(OC)cc1,-4.6010299
S(=O)(=O)(N(Cc1ccccc1)CCN(Cc1n(cnc1)C)c1ccc(cc1)C#N)c1ncccc1,-5.5514212
O=C(NCC(C)C)\C=C\C=C/CCC#C\C=C\C,-4
O1[C@@H](CC[C@@H]1n1c2ncnc(O)c2nc1)CO,-5.6708102
O=C1NC(=Nc2n(cnc12)COCCOC(=O)C(N)C(C)C)N,-5.669776
P(Oc1ccc(OC)cc1)(OC[C@H]1O[C@@H](N2C=C(C)C(=O)NC2=O)C=C1)(=O)NC(C(OC)=O)C,-5.9819288
O1C=C(C(=O)c2c1cc(O)cc2O)c1ccc(O)cc1,-4.5700002
S(N=O)C[C@H](C(=O)N1CCC[C@@H]1C(O)=O)C,-4.5
S(=O)(=O)(NC(=O)C(c1cc2OCOc2cc1)c1c2c(n(c1)C)cc(cc2)C(OCC)=O)c1ccc(cc1OC)C,-4.6994848
s1c2CCNCc2cc1C(=O)NCC(=O)c1cc(OCC(OCCCC)=O)c(OCC(OCCCC)=O)cc1,-5.1011863
s1c2c(cc1C(=O)NC(C(=O)N[C@H](Cc1ccccc1)C(=O)NCCCN1CCOCC1)(C)C)cccc2,-5.3289509
s1c2c(cc1C(=O)NC1(CCCC1)C(=O)N[C@H](Cc1ccccc1)C(=O)NCCC(=O)N1CCN(CC1)C)cccc2,-5.6994848
s1c2c(cc1C(=O)NC1(CCCC1)C(=O)N[C@H](Cc1ccccc1)C(=O)NCCC(=O)N1CCN(CC1)CC1CCOCC1)cccc2,-5.5693183
s1c2c(cc1C(=O)NC1(CCCC1)C(=O)N[C@H](Cc1ccccc1)C(=O)NCC1CCN(CC1)C1CCOCC1)cccc2,-5.7979398
s1c2c(cc1C(=O)NC1(CCCC1)C(=O)N[C@H](Cc1ccccc1)C(=O)NCCCN1CC(NC(C1)C)C)cccc2,-5.9593034
O=C1[C@@H]2C[C@@H](O)[C@@H](O)C[C@]2(C2C(=C1)[C@]1(O)CC[C@H]([C@@](O)([C@H](OC)CCC(O)(C)C)C)[C@]1(CC2)C)C,-4.79
O=C1[C@@H]2C[C@@H](O)[C@@H](OC)C[C@@]2(C2C(=C1)[C@]1(O)CC[C@H]([C@@](O)([C@H](O)CCC(C)C)C)[C@]1(CC2)C)C,-4.6999998
O=C1[C@@H]2C[C@@H](OC)[C@@H](O)C[C@]2(C2C(=C1)[C@]1(O)CC[C@H]([C@@](O)([C@H](OC)CCC(C)C)C)[C@]1(CC2)C)C,-4.5380535
O=C1[C@@H]2C[C@@H](O)[C@@H](O)C[C@]2(C2C(=C1)[C@]1(O)CC[C@H]([C@@](O)([C@H](O)CCC(C)C)C)[C@]1(CC2)C)C,-4.7199998
OCC(NC(=O)C1C=C2C(N(C1)C)Cc1c3c2cccc3[nH]c1)C,-5.1684265
O=C1N=C(NC=2NCC(N(C1=2)C=O)CNc1ccc(cc1)C(=O)NC(CCC(O)=O)C(O)=O)N,-7.5214391
O1c2c(ccc(C)c2C)C(=O)c2c1c(ccc2)CC(O)=O,-4.4000001
O1c2c(ccc(O)c2)C(=O)CC1c1ccc(O)cc1,-4.8000002
Oc1cc(O)ccc1C(=O)CCc1ccc(O)cc1,-4.7399645
O1[C@H](CO)[C@@H](O)[C@H](O)[C@@H](O)[C@@H]1Oc1ccc(cc1)[C@H]1Oc2c(ccc(O)c2)C(=O)C1,-6.5875134
O1[C@H](CO)[C@@H](O)[C@H](O)[C@@H](O)[C@@H]1OC1[C@@H]2[C@@]([C@H]3C[C@@H](O)[C@H]4[C@](CC[C@@H]4[C@@](O[C@@H]4O[C@@H](CO)[C@@H](O)[C@H](O)[C@H]4O)(CC\C=C(\C)/C)C)(C)[C@@]3(C1)C)(CC[C@H](O)C2(C)C)C,-6.5883503
O1c2c(OC1)cc-1c(CC[n+]3c-1cc1c(c3)c(O)c(OC)cc1)c2,-4.8815303
O1C=C([C@H]2[C@H](CN3[C@H](c4[nH]c5c(c4CC3)cccc5)C2)[C@@H]1C)C(OC)=O,-4.8187928
O[C@H]1N2[C@@H]3C4[C@@H](C[C@@H]2[C@@H]2N(c5c([C@@]2(C3)[C@H]4O)cccc5)C)[C@@H]1CC,-4.9387093
O1[C@H]2[C@H]3[C@H]4C(=CC1)CN1[C@@H]([C@]5([C@@H]3N(c3c5cc(OC)cc3)C(=O)C2)CC1)C4,-4.5717444
O1[C@@H]2[C@H]3[C@@H]4CC(=O)[C@@]5([C@@H]3N(c3c5cccc3)C(=O)C2)CCN(CC4=CC1)C,-4.5816798
O=C1N[C@H](CC1)C(=O)N[C@H](Cc1nc[nH]c1)C(=O)N1CCC[C@@H]1C(=O)N,-6.8313413
O1c2c(c(O)c(O)c(O)c2)C(=O)C=C1c1ccccc1,-5.1386361
O1c2c(C(=O)C(O)=C1c1cc(O)c(O)cc1)c(O)cc(O)c2,-5.3099999
O1c2c(C(=O)C(O)C1c1cc(O)c(O)cc1)c(O)cc(O)c2,-6.5093193
Clc1ccc(cc1)C[C@H](C(=O)N1CCN(CC1)c1ccc(cc1[C@@H](NC(=O)CCN(C)C)C(C)C)C)C,-4.388608
Clc1cc(C)c(cc1)C[C@H](C(=O)N1CCN(CC1)c1ccc(cc1[C@@H](NC(=O)CCN(C)C)C(C)C)C)C,-4.7979398
FC(F)(F)c1cc(NC(=O)c2ccccc2NCc2ccncc2)ccc1,-5.158072
O=C(Nc1cc2NCC(c2cc1)(C)C)c1cccnc1NCc1ccncc1,-5.489058
Clc1cc(NC(=O)c2n(ncc2)CCc2ccncc2)ccc1C(F)(F)F,-5.3400002
Clc1cc(OC2CCN(CC2)CCCNC=2N(C)C(=O)N(C)C(=O)C=2)ccc1Cl,-4.8783755
S1c2c(N(c3c1cccc3)CCCN1CCN(CC1)C=1N(C)C(=O)N(C)C(=O)C=1)cc(cc2)C(O)=O,-5
S1c2c(N(c3c1cccc3)CCCN1CCCN(CC1)C=1N(C)C(=O)N(C)C(=O)C=1)c(ccc2)C(O)=O,-5.8005152
S1c2c(N(c3c1cccc3)CCCN1CCN(CC1)C=1N(C)C(=O)N(C)C(=O)C=1)cc(cc2)CC(O)=O,-4.9099998
S1c2c(N(c3c1cccc3)CCCN1CCN(CC1)C=1N(C)C(=O)N(C)C(=O)C=1)cc(cc2)CCC(O)=O,-5.29
S1c2c(N(c3c1cccc3)CCCN1CCCN(CC1)C=1N(C)C(=O)N(C)C(=O)C=1)cc(cc2)C(C(O)=O)C,-5.1599998
S(C)c1[nH]c2c(n1)cc(cc2)C(=O)N1CCC(CC1)C,-4.5418172
OC=1C(=O)C=CN(C)C=1C,-4.8885303
S(=O)(=O)(N[C@@H](Cc1cc(C)c(cc1)[C@H]1S(=O)([O-])=NC(=O)C1)c1[nH]c2c(n1)cccc2)c1ccccc1,-6.3989701
O1c2c(C[C@H](OC(=O)c3cc(O)c(O)c(O)c3)[C@@H]1c1cc(O)c(O)cc1)c(O)cc(O)c2,-7.0188646
O=C(N)C=C,-4.5693183
O(C)c1cc2CCN3[C@H](C[C@H](O)[C@H](C3)CC(C)C)c2cc1OC,-4.6799998
Oc1ccc(cc1)C(OCC)=O,-4.8102908
O1[C@H](COC(=O)[C@@H](N)Cc2ccccc2)[C@@H](O)[C@H](O)[C@@H]1N1C=CC(O)=NC1=O,-5.6999998
O1[C@@H](C)[C@H](O)[C@@H](O)[C@@H](O)[C@@H]1O[C@H]1[C@@H](Oc2c(C1=O)c(O)cc(O)c2)c1cc(O)c(O)cc1,-6.8200002
Clc1nc(n(Cc2ccc(cc2)-c2ccccc2-c2[nH]nnn2)c1C=O)CCCC,-5.0100002
O=C1N(c2c(cccc2)C1(Cc1ccncc1)Cc1ccncc1)c1ccccc1,-4.54
S(=O)(=O)(n1c2cc(ccc2nc1N)/C(=C/C(=O)N)/c1cc(F)ccc1F)C(C)C,-4.46
S(=O)(=O)(n1c2cc(ccc2nc1N)\C(=C\C(=O)NC)\c1ccccc1)C(C)C,-4.1999998
S(=O)(=O)(n1c2cc(ccc2nc1N)/C(=C/C(=O)N)/c1ccc(F)cc1F)C(C)C,-4.3699999
Fc1c(cccc1F)\C(=C/C(=O)NC)\c1cc2n(C(C)C)c(nc2cc1)N,-5.2199998
Oc1c(O)cc(cc1O)C(OC)=O,-5.3899999
Clc1ccccc1C1(NC)CCCCC1=O,-4.2600002
s1cnnc1NS(=O)(=O)c1ccc(NC(=O)COCCOCCOC)cc1,-6.2399998
O1C2CC(N(C2)C(=O)C(NC(=O)Cc2cc(OCCC1(C)C)ccc2)C1CCCCC1)C(=O)NC(C(=O)C(=O)NCC=C)CCC,-5.0300002
O=C(NC(C(=O)C(=O)NCC=C)CCC)C1N(CC2C1C2(C)C)C(=O)C(NC(=O)NC(C(C)C)C(=O)C(C)C)C(C)(C)C,-5.29
S(=O)(=O)(C)c1ccccc1-c1cc(F)c(NC(=O)c2n(nc(c2)C)-c2cc(ccc2)CN)cc1,-5.5
O(C(C)(C)C)C(=O)N[C@H]([C@@H](O)[C@@H](O)CC(C)C)CC1CCCCC1,-4.1799998
FC1=CN([C@H]2O[C@@H](CO)[C@H](OC(=O)[C@@H](N)[C@H](CC)C)C2)C(=O)NC1=O,-5.5599999
FC1=CN([C@H]2O[C@@H](COC(=O)C(N)CC(O)=O)[C@H](O)C2)C(=O)NC1=O,-6.4899998
n1ccn(c1)Cc1ccccc1,-4.1700001
n1n(ccc1)Cc1cc(ccc1)C#N,-4.1399999
OC(=O)c1cc(ccc1)Cn1nccc1,-5.5300002
OC(=O)c1ccc(cc1)Cc1ncccn1,-5.27
n1n(ccc1)Cc1cc(ccc1)CN,-4.5500002
O=C(N)C[C@H](NC(=O)CNC(=O)CNC(=O)[C@@H](NC(=O)[C@@H](NC(=O)C)Cc1c2c([nH]c1)cccc2)C)C(=O)N[C@H](C(=O)N)C,-7.29
O1[C@@H](C)[C@@H](O)[C@@H](N)C[C@@H]1O[C@@H]1c2c(C[C@](O)(C1)C(=O)C)c(O)c1c(C(=O)c3c(cccc3OC)C1=O)c2O,-6.0999999
FC(F)Oc1ccc(cc1OCC1CC1)C=1n2nc(cc2N=CC=1)C=1CN(O)C=CC=1,-4.71
Fc1ccc(cc1)-c1c(COC)c(nc(C(C)C)c1\C=C\[C@@H](O)C[C@@H](O)CC(O)=O)C(C)C,-5.27
O1c2cc(ccc2OC1)-c1nc(ccn1)-c1[nH]c2c(c1)C(=O)NCC12CCCNC1,-5.4699998
O(C)c1cc(cnc1)-c1nc(ccn1)-c1[nH]c2c(c1)C(=O)NCC12CCCNC1,-5.6999998
n1nnn(Cc2ccccc2)c1C(N1CCCN(CC1)C1CCC1)c1ccc(cc1)CN1CCN(CC1)C,-6.0999999
O1Cc2c(N(c3cc(ccc13)CC(O)=O)CCCN1CCN(CC1)C1N(C)C(=O)N(C)C(=O)C1)cccc2,-5.52
O=C1N(C)C(=O)N(C)C(N2CCCN(CC2)CCCN2c3cc(ccc3CCc3c2cccc3)C(O)=O)C1,-5.3600001
O=C1N(C)C(=O)N(C)C(N2CCCN(CC2)CC\C=C\2/c3cc(ccc3CCc3c/2cccc3)CC(O)=O)C1,-5.3200002
O=C1N(COC)C(=O)NC(=O)C1(c1ccccc1)c1ccccc1,-4.5
Oc1ccc(cc1)C[C@H](NC(=O)[C@@H](NC(=O)C)CCCCCC)C(=O)NCC(=O)NCC(=O)N[C@@H](Cc1ccccc1)C(=O)N[C@@H](CC(C)C)C(=O)N,-5.9699998
O1c2c(C=CC1=O)cc1c(occ1)c2OCC(O)C(OC(C(C)=C)COc1c2OC(=O)C=Cc2cc2c1occ2)(C)C,-4.48
OC(=O)CCCCCCCCC,-4.6799998
O1c2c(C(=O)C=C1c1cc(OC)c(OC)c(O)c1)c(O)cc(O)c2,-4.9499998
O[C@@H]1Cc2c(cccc2)C1NC(=O)[C@](O)(Cc1ccccc1)CN(NC(=O)[C@@H](C(C)(C)C)CC(OC)=O)Cc1ccc(cc1)\C=C/c1ccccc1,-5.0799999
S(=O)(=O)(NC(=O)[C@]12NC(=O)[C@H]3[C@@H](C[C@H](Oc4nc(nc5c4ccc(OC)c5C)-c4cc(F)ccc4)C3)C(=O)N(CCCC\C=C/[C@@H]1C2)C)C1CC1,-5.3000002
O=C1[C@H](C[C@@H](C[C@H]1[C@H](O)CC1CC(=O)NC(=O)C1)C)C,-4.8400002
